player_name,ranking,date
Ivan Lendl,1,1990-01-01
Boris Becker,2,1990-01-01
Stefan Edberg,3,1990-01-01
Brad Gilbert,4,1990-01-01
John McEnroe,5,1990-01-01
Michael Chang,6,1990-01-01
Aaron Krickstein,7,1990-01-01
Andre Agassi,8,1990-01-01
Jay Berger,9,1990-01-01
Alberto Mancini,10,1990-01-01
Martin Jaite,11,1990-01-01
Tim Mayotte,12,1990-01-01
Mats Wilander,13,1990-01-01
Andres Gomez,14,1990-01-01
Carl-Uwe Steeb,15,1990-01-01
Jimmy Connors,16,1990-01-01
Emilio Sanchez,17,1990-01-01
Horst Skoff,18,1990-01-01
Andrei Chesnokov,19,1990-01-01
Kevin Curren,20,1990-01-01
Yannick Noah,21,1990-01-01
Jim Courier,22,1990-01-01
Miloslav Mecir Sr.,23,1990-01-01
Christo Van Rensburg,24,1990-01-01
Sergi Bruguera,25,1990-01-01
Jaime Yzaga,26,1990-01-01
Jan Gunnarsson,27,1990-01-01
Jakob Hlasek,28,1990-01-01
Goran Ivanisevic,29,1990-01-01
Guillermo Perez-Roldan,30,1990-01-01
Jim Grabb,31,1990-01-01
Magnus Gustafsson,32,1990-01-01
Jordi Arrese,33,1990-01-01
Thomas Muster,34,1990-01-01
Ronald Agenor,35,1990-01-01
Wally Masur,36,1990-01-01
Kelly Evernden,37,1990-01-01
Marcelo Filippini,38,1990-01-01
Amos Mansdorf,39,1990-01-01
Anders Jarryd,40,1990-01-01
Jonas Svensson,41,1990-01-01
Paolo Cane,42,1990-01-01
Goran Prpic,43,1990-01-01
Luiz Mattar,44,1990-01-01
Javier Sanchez,45,1990-01-01
Paul Chamberlin,46,1990-01-01
Darren Cahill,47,1990-01-01
Eric Jelen,48,1990-01-01
Alexander Volkov,49,1990-01-01
David Wheaton,50,1990-01-01
Paul Annacone,51,1990-01-01
Scott Davis,52,1990-01-01
Todd Witsken,53,1990-01-01
Omar Camporese,54,1990-01-01
Guy Forget,55,1990-01-01
Jim Pugh,56,1990-01-01
Martin Strelba,57,1990-01-01
Richey Reneberg,58,1990-01-01
Tomas Carbonell,59,1990-01-01
Mikael Pernfors,60,1990-01-01
Pete Sampras,61,1990-01-01
Ramesh Krishnan,62,1990-01-01
Mark Koevermans,63,1990-01-01
Juan Aguilera,64,1990-01-01
Lawson Duncan,65,1990-01-01
Andrew Sznajder,66,1990-01-01
Jens Woehrmann,67,1990-01-01
Michiel Schapers,68,1990-01-01
Karel Novacek,69,1990-01-01
Marc Rosset,70,1990-01-01
Niclas Kroon,71,1990-01-01
Mark Woodforde,72,1990-01-01
Andrei Cherkasov,73,1990-01-01
Jean-Philippe Fleurian,74,1990-01-01
Milan Srejber,75,1990-01-01
Paul Haarhuis,76,1990-01-01
Dan Goldie,77,1990-01-01
Franco Davin,78,1990-01-01
Derrick Rostagno,79,1990-01-01
Petr Korda,80,1990-01-01
Johan Kriek,81,1990-01-01
Slobodan Zivojinovic,82,1990-01-01
Glenn Layendecker,83,1990-01-01
Jimmy Brown,84,1990-01-01
Peter Lundgren,85,1990-01-01
Richard Matuszewski,86,1990-01-01
Jerome Potier,87,1990-01-01
Jimmy Arias,88,1990-01-01
Jeremy Bates,89,1990-01-01
Bruno Oresar,90,1990-01-01
Jason Stoltenberg,91,1990-01-01
Nicolas Pereira,92,1990-01-01
Leif Shiras,93,1990-01-01
Robert Seguso,94,1990-01-01
Tom Nijssen,95,1990-01-01
Patrik Kuhnen,96,1990-01-01
Alex Antonitsch,97,1990-01-01
Pieter Aldrich,98,1990-01-01
Diego Perez,99,1990-01-01
Claudio Pistolesi,100,1990-01-01
Francesco Cancellotti,101,1990-01-01
Marian Vajda,102,1990-01-01
Cassio Motta,103,1990-01-01
Tim Wilkison,104,1990-01-01
Veli Paloheimo,105,1990-01-01
Michael Tauson,106,1990-01-01
John Fitzgerald,107,1990-01-01
Richard Fromberg,108,1990-01-01
Thierry Tulasne,109,1990-01-01
Eduardo Bengoechea,110,1990-01-01
Olivier Delaitre,111,1990-01-01
Andres Vysand,112,1990-01-01
Michael Stich,113,1990-01-01
Johan Anderson,114,1990-01-01
Mark Kratzmann,115,1990-01-01
Christian Bergstrom,116,1990-01-01
Kelly Jones,117,1990-01-01
Udo Riglewski,118,1990-01-01
Horacio de la Pena,119,1990-01-01
Lars-Anders Wahlgren,120,1990-01-01
Martin Laurendeau,121,1990-01-01
Gilad Bloom,122,1990-01-01
Fernando Luna,123,1990-01-01
Roberto Azar,124,1990-01-01
Jose Francisco Altur,125,1990-01-01
Christian Saceanu,126,1990-01-01
Gary Muller,127,1990-01-01
Francisco Roig,128,1990-01-01
Grant Connell,129,1990-01-01
Diego Nargiso,130,1990-01-01
Lars Jonsson,131,1990-01-01
David Pate,132,1990-01-01
Joey Rive,133,1990-01-01
Markus Zoecke,134,1990-01-01
Nicklas Kulti,135,1990-01-01
Martin Wostenholme,136,1990-01-01
Eric Winogradsky,137,1990-01-01
Leonardo Lavalle,138,1990-01-01
Thomas Hogstedt,139,1990-01-01
Dan Cassidy,140,1990-01-01
Tarik Benhabiles,141,1990-01-01
Brad Drewett,142,1990-01-01
Marty Davis,143,1990-01-01
Henri Leconte,144,1990-01-01
Chris Pridham,145,1990-01-01
Broderick Dyke,146,1990-01-01
Gianluca Pozzi,147,1990-01-01
Simon Youl,148,1990-01-01
Todd Woodbridge,149,1990-01-01
Simone Colombo,150,1990-01-01
Brad Pearce,151,1990-01-01
Glenn Michibata,152,1990-01-01
Massimo Cierro,153,1990-01-01
Javier Frana,154,1990-01-01
Bong-Soo Kim,155,1990-01-01
Jeff Tarango,156,1990-01-01
Nuno Marques,157,1990-01-01
Gustavo Giussani,158,1990-01-01
Johan Carlsson,159,1990-01-01
Danie Visser,160,1990-01-01
Miguel Nido,161,1990-01-01
Mario Tabares,162,1990-01-01
Magnus Larsson,163,1990-01-01
Alexander Mronz,164,1990-01-01
Neil Broad,165,1990-01-01
Robbie Weiss,166,1990-01-01
Roberto Arguello,167,1990-01-01
Aki Rahunen,168,1990-01-01
Jose-Luis Aparisi,169,1990-01-01
Chris Bailey,170,1990-01-01
Jonathan Canter,171,1990-01-01
Nick Brown,172,1990-01-01
Ricki Osterthun,173,1990-01-01
Patrick Baur,174,1990-01-01
Danilo Marcelino,175,1990-01-01
Joao Cunha-Silva,176,1990-01-01
Roger Smith,177,1990-01-01
Pedro Rebolledo,178,1990-01-01
Nicklas Utgren,179,1990-01-01
Philip Johnson,180,1990-01-01
Philippe Pech,181,1990-01-01
Peter Ballauff,182,1990-01-01
Fernando Roese,183,1990-01-01
Peter Doohan,184,1990-01-01
Sergio Casal,185,1990-01-01
Bart Wuyts,186,1990-01-01
Karsten Braasch,187,1990-01-01
Mauro Menezes,188,1990-01-01
Richard Vogel,189,1990-01-01
Neil Borwick,190,1990-01-01
Bryan Shelton,191,1990-01-01
Nduka Odizor,192,1990-01-01
Paul Vojtischek,193,1990-01-01
David Engel,194,1990-01-01
Claudio Mezzadri,195,1990-01-01
Gabriel Markus,196,1990-01-01
Christian Miniussi,197,1990-01-01
Mark Kaplan,198,1990-01-01
Michael Robertson,199,1990-01-01
Francisco Yunis,200,1990-01-01
Steve Guy,201,1990-01-01
Olivier Soules,202,1990-01-01
Josef Cihak,203,1990-01-01
Cyril Suk,204,1990-01-01
Guillermo Rivas,205,1990-01-01
Olli Rahnasto,206,1990-01-01
Robert Van't Hof,207,1990-01-01
Shuzo Matsuoka,208,1990-01-01
Alejandro Aramburu,209,1990-01-01
Juan Carlos Baguena,210,1990-01-01
Dean Botha,211,1990-01-01
Sascha Nensel,212,1990-01-01
Andrew Castle,213,1990-01-01
Scott Warner,214,1990-01-01
Francisco Clavet,215,1990-01-01
Torben Theine,216,1990-01-01
Ken Flach,217,1990-01-01
Rick Leach,218,1990-01-01
Peter Nyborg,219,1990-01-01
Sergio Cortes,220,1990-01-01
Martin Sinner,221,1990-01-01
MaliVai Washington,222,1990-01-01
Alessandro De Minicis,223,1990-01-01
Dirk Leppen,224,1990-01-01
Barry Moir,225,1990-01-01
Carlos Costa,226,1990-01-01
Jose Clavet,227,1990-01-01
Roberto Jabali,228,1990-01-01
Renzo Furlan,229,1990-01-01
Cedric Pioline,230,1990-01-01
Florin Segarceanu,231,1990-01-01
Marko Ostoja,232,1990-01-01
Alexandre Hocevar,233,1990-01-01
Stefan Lochbihler,234,1990-01-01
Hans Schwaier,235,1990-01-01
Borja Uribe,236,1990-01-01
Raul Antonio Viver,237,1990-01-01
Thomas Haldin,238,1990-01-01
Bruce Derlin,239,1990-01-01
Arnaud Boetsch,240,1990-01-01
Hendrik Jan Davids,241,1990-01-01
Jaroslav Bulant,242,1990-01-01
Marcos Aurelio Gorriz,243,1990-01-01
James Turner,244,1990-01-01
Guillaume Raoux,245,1990-01-01
Russell Barlow,246,1990-01-01
Massimiliano Narducci,247,1990-01-01
Stefano Pescosolido,248,1990-01-01
Henrik Holm,249,1990-01-01
Wayne Ferreira,250,1990-01-01
Tomas Nydahl,251,1990-01-01
Michael Westphal,252,1990-01-01
Rikard Bergh,253,1990-01-01
Fabrice Santoro,254,1990-01-01
Cristiano Caratti,255,1990-01-01
Jared Palmer,256,1990-01-01
Carl Limberger,257,1990-01-01
Chris Garner,258,1990-01-01
Slava Dosedel,259,1990-01-01
Jaime Oncins,260,1990-01-01
Christer Allgardh,261,1990-01-01
Royce Deppe,262,1990-01-01
Frederik Fetterlein,263,1990-01-01
Christian Geyer,264,1990-01-01
Oliver Fuchs,265,1990-01-01
Heiner Moraing,266,1990-01-01
Magnus Nilsson,267,1990-01-01
Zeeshan Ali,268,1990-01-01
Todd Martin,269,1990-01-01
Menno Oosting,270,1990-01-01
Paul Wekesa,271,1990-01-01
Thomas Buchmayer,272,1990-01-01
Gilbert Schaller,273,1990-01-01
Eduardo Masso,274,1990-01-01
Ned Caswell,275,1990-01-01
Vaclav Roubicek,276,1990-01-01
Givaldo Barbosa,277,1990-01-01
Paul Koscielski,278,1990-01-01
Buff Farrow,279,1990-01-01
Piet Norval,280,1990-01-01
Pablo Albano,281,1990-01-01
Per Henricsson,282,1990-01-01
Doug Burke,283,1990-01-01
Jacco Eltingh,284,1990-01-01
Frank Dennhardt,285,1990-01-01
Tore Meinecke,286,1990-01-01
Vijay Amritraj,287,1990-01-01
Sammy Giammalva Jr.,288,1990-01-01
Enrico Cocchi,289,1990-01-01
Ralph Kok,290,1990-01-01
Byron Talbot,291,1990-01-01
Stephane Sansoni,292,1990-01-01
David Lewis,293,1990-01-01
Dimitri Poliakov,294,1990-01-01
Jose Lopez-Maeso,295,1990-01-01
Nevio Devide,296,1990-01-01
Agustin Moreno,297,1990-01-01
Ugo Colombini,298,1990-01-01
Brian Garrow,299,1990-01-01
Dacio Campos,300,1990-01-01
Ivan Lendl,1,1990-01-08
Boris Becker,2,1990-01-08
Stefan Edberg,3,1990-01-08
Brad Gilbert,4,1990-01-08
John McEnroe,5,1990-01-08
Michael Chang,6,1990-01-08
Aaron Krickstein,7,1990-01-08
Andre Agassi,8,1990-01-08
Jay Berger,9,1990-01-08
Alberto Mancini,10,1990-01-08
Martin Jaite,11,1990-01-08
Tim Mayotte,12,1990-01-08
Emilio Sanchez,13,1990-01-08
Mats Wilander,14,1990-01-08
Andres Gomez,15,1990-01-08
Carl-Uwe Steeb,16,1990-01-08
Jimmy Connors,17,1990-01-08
Andrei Chesnokov,18,1990-01-08
Horst Skoff,19,1990-01-08
Kevin Curren,20,1990-01-08
Yannick Noah,21,1990-01-08
Sergi Bruguera,22,1990-01-08
Jim Courier,23,1990-01-08
Thomas Muster,24,1990-01-08
Miloslav Mecir Sr.,25,1990-01-08
Christo Van Rensburg,26,1990-01-08
Jaime Yzaga,27,1990-01-08
Jan Gunnarsson,28,1990-01-08
Jakob Hlasek,29,1990-01-08
Guillermo Perez-Roldan,30,1990-01-08
Jim Grabb,31,1990-01-08
Goran Ivanisevic,32,1990-01-08
Magnus Gustafsson,33,1990-01-08
Jordi Arrese,34,1990-01-08
Paolo Cane,35,1990-01-08
Ronald Agenor,36,1990-01-08
Wally Masur,37,1990-01-08
Marcelo Filippini,38,1990-01-08
Amos Mansdorf,39,1990-01-08
Anders Jarryd,40,1990-01-08
Jonas Svensson,41,1990-01-08
Richey Reneberg,42,1990-01-08
Goran Prpic,43,1990-01-08
Luiz Mattar,44,1990-01-08
Javier Sanchez,45,1990-01-08
Darren Cahill,46,1990-01-08
Paul Chamberlin,47,1990-01-08
Kelly Evernden,48,1990-01-08
Eric Jelen,49,1990-01-08
Paul Annacone,50,1990-01-08
David Wheaton,51,1990-01-08
Scott Davis,52,1990-01-08
Jimmy Arias,53,1990-01-08
Todd Witsken,54,1990-01-08
Omar Camporese,55,1990-01-08
Guy Forget,56,1990-01-08
Jim Pugh,57,1990-01-08
Martin Strelba,58,1990-01-08
Karel Novacek,59,1990-01-08
Jean-Philippe Fleurian,60,1990-01-08
Alexander Volkov,61,1990-01-08
Tomas Carbonell,62,1990-01-08
Mikael Pernfors,63,1990-01-08
Mark Koevermans,64,1990-01-08
Ramesh Krishnan,65,1990-01-08
Michiel Schapers,66,1990-01-08
Marc Rosset,67,1990-01-08
Juan Aguilera,68,1990-01-08
Pete Sampras,69,1990-01-08
Lawson Duncan,70,1990-01-08
Andrew Sznajder,71,1990-01-08
Jens Woehrmann,72,1990-01-08
Niclas Kroon,73,1990-01-08
Jerome Potier,74,1990-01-08
Paul Haarhuis,75,1990-01-08
Andrei Cherkasov,76,1990-01-08
Franco Davin,77,1990-01-08
Dan Goldie,78,1990-01-08
Derrick Rostagno,79,1990-01-08
Petr Korda,80,1990-01-08
Johan Kriek,81,1990-01-08
Slobodan Zivojinovic,82,1990-01-08
Milan Srejber,83,1990-01-08
Glenn Layendecker,84,1990-01-08
Jimmy Brown,85,1990-01-08
Peter Lundgren,86,1990-01-08
Richard Matuszewski,87,1990-01-08
Jeremy Bates,88,1990-01-08
Richard Fromberg,89,1990-01-08
Michael Stich,90,1990-01-08
Bruno Oresar,91,1990-01-08
Nicolas Pereira,92,1990-01-08
Leif Shiras,93,1990-01-08
Robert Seguso,94,1990-01-08
Tom Nijssen,95,1990-01-08
Udo Riglewski,96,1990-01-08
Jason Stoltenberg,97,1990-01-08
Alex Antonitsch,98,1990-01-08
Lars-Anders Wahlgren,99,1990-01-08
Gilad Bloom,100,1990-01-08
Mark Woodforde,101,1990-01-08
Pieter Aldrich,102,1990-01-08
Johan Anderson,103,1990-01-08
Diego Perez,104,1990-01-08
John Fitzgerald,105,1990-01-08
Claudio Pistolesi,106,1990-01-08
Christian Bergstrom,107,1990-01-08
Francesco Cancellotti,108,1990-01-08
Marian Vajda,109,1990-01-08
Cassio Motta,110,1990-01-08
Tim Wilkison,111,1990-01-08
Michael Tauson,112,1990-01-08
Mark Kratzmann,113,1990-01-08
Thierry Tulasne,114,1990-01-08
Eduardo Bengoechea,115,1990-01-08
Olivier Delaitre,116,1990-01-08
Andres Vysand,117,1990-01-08
Patrik Kuhnen,118,1990-01-08
Kelly Jones,119,1990-01-08
Horacio de la Pena,120,1990-01-08
Martin Laurendeau,121,1990-01-08
Fernando Luna,122,1990-01-08
Veli Paloheimo,123,1990-01-08
Roberto Azar,124,1990-01-08
Jose Francisco Altur,125,1990-01-08
Christian Saceanu,126,1990-01-08
Lars Jonsson,127,1990-01-08
Gary Muller,128,1990-01-08
Grant Connell,129,1990-01-08
Francisco Roig,130,1990-01-08
Diego Nargiso,131,1990-01-08
Thomas Hogstedt,132,1990-01-08
David Pate,133,1990-01-08
Joey Rive,134,1990-01-08
Broderick Dyke,135,1990-01-08
Markus Zoecke,136,1990-01-08
Nicklas Kulti,137,1990-01-08
Martin Wostenholme,138,1990-01-08
Eric Winogradsky,139,1990-01-08
Leonardo Lavalle,140,1990-01-08
Dan Cassidy,141,1990-01-08
Tarik Benhabiles,142,1990-01-08
Brad Drewett,143,1990-01-08
Marty Davis,144,1990-01-08
Henri Leconte,145,1990-01-08
Chris Pridham,146,1990-01-08
Gianluca Pozzi,147,1990-01-08
Simon Youl,148,1990-01-08
Simone Colombo,149,1990-01-08
Brad Pearce,150,1990-01-08
Todd Woodbridge,151,1990-01-08
Massimo Cierro,152,1990-01-08
Javier Frana,153,1990-01-08
Bong-Soo Kim,154,1990-01-08
Jeff Tarango,155,1990-01-08
Gustavo Giussani,156,1990-01-08
Nuno Marques,157,1990-01-08
Johan Carlsson,158,1990-01-08
Danie Visser,159,1990-01-08
Aki Rahunen,160,1990-01-08
Alexander Mronz,161,1990-01-08
Miguel Nido,162,1990-01-08
Mario Tabares,163,1990-01-08
Magnus Larsson,164,1990-01-08
Roberto Arguello,165,1990-01-08
Jose-Luis Aparisi,166,1990-01-08
Chris Bailey,167,1990-01-08
Jonathan Canter,168,1990-01-08
Neil Broad,169,1990-01-08
Nick Brown,170,1990-01-08
Ricki Osterthun,171,1990-01-08
Danilo Marcelino,172,1990-01-08
Robbie Weiss,173,1990-01-08
Joao Cunha-Silva,174,1990-01-08
Sergio Casal,175,1990-01-08
Pedro Rebolledo,176,1990-01-08
Nicklas Utgren,177,1990-01-08
Philip Johnson,178,1990-01-08
Philippe Pech,179,1990-01-08
Glenn Michibata,180,1990-01-08
Peter Ballauff,181,1990-01-08
Fernando Roese,182,1990-01-08
Peter Doohan,183,1990-01-08
Bart Wuyts,184,1990-01-08
Karsten Braasch,185,1990-01-08
Mauro Menezes,186,1990-01-08
Richard Vogel,187,1990-01-08
Neil Borwick,188,1990-01-08
Bryan Shelton,189,1990-01-08
Roger Smith,190,1990-01-08
Nduka Odizor,191,1990-01-08
Paul Vojtischek,192,1990-01-08
David Engel,193,1990-01-08
Claudio Mezzadri,194,1990-01-08
Gabriel Markus,195,1990-01-08
Christian Miniussi,196,1990-01-08
Mark Kaplan,197,1990-01-08
Michael Robertson,198,1990-01-08
Francisco Yunis,199,1990-01-08
Olivier Soules,200,1990-01-08
Josef Cihak,201,1990-01-08
Cyril Suk,202,1990-01-08
Guillermo Rivas,203,1990-01-08
Francisco Clavet,204,1990-01-08
Olli Rahnasto,205,1990-01-08
Robert Van't Hof,206,1990-01-08
Patrick Baur,207,1990-01-08
Alejandro Aramburu,208,1990-01-08
Steve Guy,209,1990-01-08
Bruce Derlin,210,1990-01-08
Juan Carlos Baguena,211,1990-01-08
Dean Botha,212,1990-01-08
Sascha Nensel,213,1990-01-08
Andrew Castle,214,1990-01-08
Scott Warner,215,1990-01-08
Torben Theine,216,1990-01-08
Ken Flach,217,1990-01-08
Rick Leach,218,1990-01-08
Peter Nyborg,219,1990-01-08
Sergio Cortes,220,1990-01-08
Martin Sinner,221,1990-01-08
MaliVai Washington,222,1990-01-08
Alessandro De Minicis,223,1990-01-08
Dirk Leppen,224,1990-01-08
Barry Moir,225,1990-01-08
Carlos Costa,226,1990-01-08
Jose Clavet,227,1990-01-08
Roberto Jabali,228,1990-01-08
Renzo Furlan,229,1990-01-08
Cedric Pioline,230,1990-01-08
Florin Segarceanu,231,1990-01-08
Marko Ostoja,232,1990-01-08
Alexandre Hocevar,233,1990-01-08
Stefan Lochbihler,234,1990-01-08
Hans Schwaier,235,1990-01-08
Borja Uribe,236,1990-01-08
Raul Antonio Viver,237,1990-01-08
Thomas Haldin,238,1990-01-08
Arnaud Boetsch,239,1990-01-08
Hendrik Jan Davids,240,1990-01-08
Jaroslav Bulant,241,1990-01-08
James Turner,242,1990-01-08
Russell Barlow,243,1990-01-08
Massimiliano Narducci,244,1990-01-08
Stefano Pescosolido,245,1990-01-08
Henrik Holm,246,1990-01-08
Guillaume Raoux,247,1990-01-08
Wayne Ferreira,248,1990-01-08
Tomas Nydahl,249,1990-01-08
Michael Westphal,250,1990-01-08
Rikard Bergh,251,1990-01-08
Fabrice Santoro,252,1990-01-08
Cristiano Caratti,253,1990-01-08
Jared Palmer,254,1990-01-08
Carl Limberger,255,1990-01-08
Chris Garner,256,1990-01-08
Slava Dosedel,257,1990-01-08
Jaime Oncins,258,1990-01-08
Christer Allgardh,259,1990-01-08
Royce Deppe,260,1990-01-08
Frederik Fetterlein,261,1990-01-08
Christian Geyer,262,1990-01-08
Per Henricsson,263,1990-01-08
Oliver Fuchs,264,1990-01-08
Magnus Nilsson,265,1990-01-08
Zeeshan Ali,266,1990-01-08
Todd Martin,267,1990-01-08
Marcos Aurelio Gorriz,268,1990-01-08
Thomas Buchmayer,269,1990-01-08
Gilbert Schaller,270,1990-01-08
Paul Wekesa,271,1990-01-08
Eduardo Masso,272,1990-01-08
Ned Caswell,273,1990-01-08
Vaclav Roubicek,274,1990-01-08
Givaldo Barbosa,275,1990-01-08
Paul Koscielski,276,1990-01-08
Buff Farrow,277,1990-01-08
Piet Norval,278,1990-01-08
Pablo Albano,279,1990-01-08
Jacco Eltingh,280,1990-01-08
Tore Meinecke,281,1990-01-08
Vijay Amritraj,282,1990-01-08
Frank Dennhardt,283,1990-01-08
Sammy Giammalva Jr.,284,1990-01-08
Enrico Cocchi,285,1990-01-08
Byron Talbot,286,1990-01-08
Stephane Sansoni,287,1990-01-08
Heiner Moraing,288,1990-01-08
Dimitri Poliakov,289,1990-01-08
Jose Lopez-Maeso,290,1990-01-08
Nevio Devide,291,1990-01-08
Agustin Moreno,292,1990-01-08
Ugo Colombini,293,1990-01-08
Brian Garrow,294,1990-01-08
Dacio Campos,295,1990-01-08
Ralph Kok,296,1990-01-08
Tom Kempers,297,1990-01-08
Menno Oosting,298,1990-01-08
Libor Pimek,299,1990-01-08
Juan Pino,300,1990-01-08
Ivan Lendl,1,1990-01-15
Boris Becker,2,1990-01-15
Stefan Edberg,3,1990-01-15
Brad Gilbert,4,1990-01-15
John McEnroe,5,1990-01-15
Michael Chang,6,1990-01-15
Aaron Krickstein,7,1990-01-15
Andre Agassi,8,1990-01-15
Jay Berger,9,1990-01-15
Alberto Mancini,10,1990-01-15
Martin Jaite,11,1990-01-15
Tim Mayotte,12,1990-01-15
Yannick Noah,13,1990-01-15
Carl-Uwe Steeb,14,1990-01-15
Mats Wilander,15,1990-01-15
Andrei Chesnokov,16,1990-01-15
Emilio Sanchez,17,1990-01-15
Andres Gomez,18,1990-01-15
Jimmy Connors,19,1990-01-15
Horst Skoff,20,1990-01-15
Kevin Curren,21,1990-01-15
Sergi Bruguera,22,1990-01-15
Jim Courier,23,1990-01-15
Thomas Muster,24,1990-01-15
Miloslav Mecir Sr.,25,1990-01-15
Jaime Yzaga,26,1990-01-15
Jan Gunnarsson,27,1990-01-15
Christo Van Rensburg,28,1990-01-15
Jakob Hlasek,29,1990-01-15
Goran Ivanisevic,30,1990-01-15
Guillermo Perez-Roldan,31,1990-01-15
Magnus Gustafsson,32,1990-01-15
Jim Grabb,33,1990-01-15
Jordi Arrese,34,1990-01-15
Paolo Cane,35,1990-01-15
Wally Masur,36,1990-01-15
Ronald Agenor,37,1990-01-15
Scott Davis,38,1990-01-15
Amos Mansdorf,39,1990-01-15
Marcelo Filippini,40,1990-01-15
Anders Jarryd,41,1990-01-15
Jonas Svensson,42,1990-01-15
Goran Prpic,43,1990-01-15
Luiz Mattar,44,1990-01-15
Javier Sanchez,45,1990-01-15
David Wheaton,46,1990-01-15
Darren Cahill,47,1990-01-15
Richey Reneberg,48,1990-01-15
Paul Chamberlin,49,1990-01-15
Paul Annacone,50,1990-01-15
Eric Jelen,51,1990-01-15
Jimmy Arias,52,1990-01-15
Kelly Evernden,53,1990-01-15
Omar Camporese,54,1990-01-15
Guy Forget,55,1990-01-15
Pete Sampras,56,1990-01-15
Jean-Philippe Fleurian,57,1990-01-15
Todd Witsken,58,1990-01-15
Jim Pugh,59,1990-01-15
Martin Strelba,60,1990-01-15
Karel Novacek,61,1990-01-15
Tomas Carbonell,62,1990-01-15
Mikael Pernfors,63,1990-01-15
Mark Koevermans,64,1990-01-15
Alexander Volkov,65,1990-01-15
Niclas Kroon,66,1990-01-15
Michiel Schapers,67,1990-01-15
Marc Rosset,68,1990-01-15
Juan Aguilera,69,1990-01-15
Lawson Duncan,70,1990-01-15
Andrew Sznajder,71,1990-01-15
Jens Woehrmann,72,1990-01-15
Ramesh Krishnan,73,1990-01-15
Dan Goldie,74,1990-01-15
Glenn Layendecker,75,1990-01-15
Jerome Potier,76,1990-01-15
Paul Haarhuis,77,1990-01-15
Jeremy Bates,78,1990-01-15
Franco Davin,79,1990-01-15
Derrick Rostagno,80,1990-01-15
Petr Korda,81,1990-01-15
Johan Kriek,82,1990-01-15
Slobodan Zivojinovic,83,1990-01-15
Jimmy Brown,84,1990-01-15
Michael Stich,85,1990-01-15
Richard Matuszewski,86,1990-01-15
Milan Srejber,87,1990-01-15
Richard Fromberg,88,1990-01-15
Andrei Cherkasov,89,1990-01-15
Nicolas Pereira,90,1990-01-15
Leif Shiras,91,1990-01-15
Robert Seguso,92,1990-01-15
Tom Nijssen,93,1990-01-15
Alex Antonitsch,94,1990-01-15
Lars-Anders Wahlgren,95,1990-01-15
Gilad Bloom,96,1990-01-15
Peter Lundgren,97,1990-01-15
Mark Woodforde,98,1990-01-15
Pieter Aldrich,99,1990-01-15
Christian Bergstrom,100,1990-01-15
Johan Anderson,101,1990-01-15
Diego Perez,102,1990-01-15
John Fitzgerald,103,1990-01-15
Udo Riglewski,104,1990-01-15
Jason Stoltenberg,105,1990-01-15
Claudio Pistolesi,106,1990-01-15
Francesco Cancellotti,107,1990-01-15
Marian Vajda,108,1990-01-15
Cassio Motta,109,1990-01-15
Tim Wilkison,110,1990-01-15
Grant Connell,111,1990-01-15
Michael Tauson,112,1990-01-15
Mark Kratzmann,113,1990-01-15
Eduardo Bengoechea,114,1990-01-15
Andres Vysand,115,1990-01-15
Kelly Jones,116,1990-01-15
Patrik Kuhnen,117,1990-01-15
Thierry Tulasne,118,1990-01-15
Bruno Oresar,119,1990-01-15
Veli Paloheimo,120,1990-01-15
Martin Laurendeau,121,1990-01-15
Fernando Luna,122,1990-01-15
Horacio de la Pena,123,1990-01-15
Jose Francisco Altur,124,1990-01-15
Lars Jonsson,125,1990-01-15
Gary Muller,126,1990-01-15
Francisco Roig,127,1990-01-15
Roberto Azar,128,1990-01-15
Olivier Delaitre,129,1990-01-15
Diego Nargiso,130,1990-01-15
Markus Zoecke,131,1990-01-15
Thomas Hogstedt,132,1990-01-15
David Pate,133,1990-01-15
Broderick Dyke,134,1990-01-15
Leonardo Lavalle,135,1990-01-15
Nicklas Kulti,136,1990-01-15
Christian Saceanu,137,1990-01-15
Martin Wostenholme,138,1990-01-15
Eric Winogradsky,139,1990-01-15
Joey Rive,140,1990-01-15
Dan Cassidy,141,1990-01-15
Tarik Benhabiles,142,1990-01-15
Brad Drewett,143,1990-01-15
Henri Leconte,144,1990-01-15
Chris Pridham,145,1990-01-15
Simon Youl,146,1990-01-15
Gianluca Pozzi,147,1990-01-15
Simone Colombo,148,1990-01-15
Brad Pearce,149,1990-01-15
Marty Davis,150,1990-01-15
Todd Woodbridge,151,1990-01-15
Massimo Cierro,152,1990-01-15
Javier Frana,153,1990-01-15
Bong-Soo Kim,154,1990-01-15
Jeff Tarango,155,1990-01-15
Gustavo Giussani,156,1990-01-15
Nuno Marques,157,1990-01-15
Johan Carlsson,158,1990-01-15
Danie Visser,159,1990-01-15
Steve Guy,160,1990-01-15
Aki Rahunen,161,1990-01-15
Miguel Nido,162,1990-01-15
Alexander Mronz,163,1990-01-15
Mario Tabares,164,1990-01-15
Magnus Larsson,165,1990-01-15
Roberto Arguello,166,1990-01-15
Jose-Luis Aparisi,167,1990-01-15
Chris Bailey,168,1990-01-15
Jonathan Canter,169,1990-01-15
Neil Broad,170,1990-01-15
Nick Brown,171,1990-01-15
Ricki Osterthun,172,1990-01-15
Danilo Marcelino,173,1990-01-15
Joao Cunha-Silva,174,1990-01-15
Sergio Casal,175,1990-01-15
Nicklas Utgren,176,1990-01-15
Philip Johnson,177,1990-01-15
Philippe Pech,178,1990-01-15
Peter Ballauff,179,1990-01-15
Fernando Roese,180,1990-01-15
Robbie Weiss,181,1990-01-15
Bart Wuyts,182,1990-01-15
Karsten Braasch,183,1990-01-15
Mauro Menezes,184,1990-01-15
Richard Vogel,185,1990-01-15
Peter Doohan,186,1990-01-15
Neil Borwick,187,1990-01-15
Bruce Derlin,188,1990-01-15
Bryan Shelton,189,1990-01-15
Nduka Odizor,190,1990-01-15
Paul Vojtischek,191,1990-01-15
David Engel,192,1990-01-15
Claudio Mezzadri,193,1990-01-15
Christian Miniussi,194,1990-01-15
Mark Kaplan,195,1990-01-15
Michael Robertson,196,1990-01-15
Francisco Yunis,197,1990-01-15
Olivier Soules,198,1990-01-15
Gabriel Markus,199,1990-01-15
Josef Cihak,200,1990-01-15
Cyril Suk,201,1990-01-15
Francisco Clavet,202,1990-01-15
Olli Rahnasto,203,1990-01-15
Robert Van't Hof,204,1990-01-15
Patrick Baur,205,1990-01-15
Juan Carlos Baguena,206,1990-01-15
Pedro Rebolledo,207,1990-01-15
Dean Botha,208,1990-01-15
Sascha Nensel,209,1990-01-15
Andrew Castle,210,1990-01-15
Alejandro Aramburu,211,1990-01-15
Scott Warner,212,1990-01-15
Guillermo Rivas,213,1990-01-15
Torben Theine,214,1990-01-15
Ken Flach,215,1990-01-15
Rick Leach,216,1990-01-15
Peter Nyborg,217,1990-01-15
Martin Sinner,218,1990-01-15
MaliVai Washington,219,1990-01-15
Alessandro De Minicis,220,1990-01-15
Glenn Michibata,221,1990-01-15
Dirk Leppen,222,1990-01-15
Barry Moir,223,1990-01-15
Carlos Costa,224,1990-01-15
Jose Clavet,225,1990-01-15
Roberto Jabali,226,1990-01-15
Renzo Furlan,227,1990-01-15
Cedric Pioline,228,1990-01-15
Florin Segarceanu,229,1990-01-15
Marko Ostoja,230,1990-01-15
Alexandre Hocevar,231,1990-01-15
Stefan Lochbihler,232,1990-01-15
Hans Schwaier,233,1990-01-15
Borja Uribe,234,1990-01-15
Thomas Haldin,235,1990-01-15
Arnaud Boetsch,236,1990-01-15
Hendrik Jan Davids,237,1990-01-15
Jaroslav Bulant,238,1990-01-15
Sergio Cortes,239,1990-01-15
James Turner,240,1990-01-15
Russell Barlow,241,1990-01-15
Massimiliano Narducci,242,1990-01-15
Stefano Pescosolido,243,1990-01-15
Henrik Holm,244,1990-01-15
Guillaume Raoux,245,1990-01-15
Raul Antonio Viver,246,1990-01-15
Wayne Ferreira,247,1990-01-15
Tomas Nydahl,248,1990-01-15
Rikard Bergh,249,1990-01-15
Fabrice Santoro,250,1990-01-15
Cristiano Caratti,251,1990-01-15
Jared Palmer,252,1990-01-15
Carl Limberger,253,1990-01-15
Chris Garner,254,1990-01-15
Slava Dosedel,255,1990-01-15
Jaime Oncins,256,1990-01-15
Christer Allgardh,257,1990-01-15
Royce Deppe,258,1990-01-15
Frederik Fetterlein,259,1990-01-15
Christian Geyer,260,1990-01-15
Per Henricsson,261,1990-01-15
Oliver Fuchs,262,1990-01-15
Magnus Nilsson,263,1990-01-15
Zeeshan Ali,264,1990-01-15
Roger Smith,265,1990-01-15
Todd Martin,266,1990-01-15
Marcos Aurelio Gorriz,267,1990-01-15
Thomas Buchmayer,268,1990-01-15
Gilbert Schaller,269,1990-01-15
Eduardo Masso,270,1990-01-15
Michael Westphal,271,1990-01-15
Ned Caswell,272,1990-01-15
Vaclav Roubicek,273,1990-01-15
Givaldo Barbosa,274,1990-01-15
Paul Koscielski,275,1990-01-15
Buff Farrow,276,1990-01-15
Piet Norval,277,1990-01-15
Pablo Albano,278,1990-01-15
Jacco Eltingh,279,1990-01-15
Tore Meinecke,280,1990-01-15
Vijay Amritraj,281,1990-01-15
Frank Dennhardt,282,1990-01-15
Sammy Giammalva Jr.,283,1990-01-15
Enrico Cocchi,284,1990-01-15
Stephane Sansoni,285,1990-01-15
Heiner Moraing,286,1990-01-15
Dimitri Poliakov,287,1990-01-15
Jose Lopez-Maeso,288,1990-01-15
Nevio Devide,289,1990-01-15
Agustin Moreno,290,1990-01-15
Ugo Colombini,291,1990-01-15
Byron Talbot,292,1990-01-15
Brian Garrow,293,1990-01-15
Dacio Campos,294,1990-01-15
Ralph Kok,295,1990-01-15
Tom Kempers,296,1990-01-15
Libor Pimek,297,1990-01-15
Juan Pino,298,1990-01-15
Menno Oosting,299,1990-01-15
Greg Van Emburgh,300,1990-01-15
Ivan Lendl,1,1990-01-22
Boris Becker,2,1990-01-22
Stefan Edberg,3,1990-01-22
Brad Gilbert,4,1990-01-22
John McEnroe,5,1990-01-22
Michael Chang,6,1990-01-22
Aaron Krickstein,7,1990-01-22
Andre Agassi,8,1990-01-22
Jay Berger,9,1990-01-22
Alberto Mancini,10,1990-01-22
Martin Jaite,11,1990-01-22
Tim Mayotte,12,1990-01-22
Yannick Noah,13,1990-01-22
Carl-Uwe Steeb,14,1990-01-22
Mats Wilander,15,1990-01-22
Andrei Chesnokov,16,1990-01-22
Emilio Sanchez,17,1990-01-22
Andres Gomez,18,1990-01-22
Jimmy Connors,19,1990-01-22
Horst Skoff,20,1990-01-22
Kevin Curren,21,1990-01-22
Sergi Bruguera,22,1990-01-22
Jim Courier,23,1990-01-22
Thomas Muster,24,1990-01-22
Miloslav Mecir Sr.,25,1990-01-22
Jaime Yzaga,26,1990-01-22
Jan Gunnarsson,27,1990-01-22
Christo Van Rensburg,28,1990-01-22
Jakob Hlasek,29,1990-01-22
Goran Ivanisevic,30,1990-01-22
Guillermo Perez-Roldan,31,1990-01-22
Magnus Gustafsson,32,1990-01-22
Jim Grabb,33,1990-01-22
Jordi Arrese,34,1990-01-22
Paolo Cane,35,1990-01-22
Wally Masur,36,1990-01-22
Ronald Agenor,37,1990-01-22
Scott Davis,38,1990-01-22
Amos Mansdorf,39,1990-01-22
Marcelo Filippini,40,1990-01-22
Anders Jarryd,41,1990-01-22
Jonas Svensson,42,1990-01-22
Goran Prpic,43,1990-01-22
Luiz Mattar,44,1990-01-22
Javier Sanchez,45,1990-01-22
David Wheaton,46,1990-01-22
Darren Cahill,47,1990-01-22
Richey Reneberg,48,1990-01-22
Paul Chamberlin,49,1990-01-22
Paul Annacone,50,1990-01-22
Eric Jelen,51,1990-01-22
Jimmy Arias,52,1990-01-22
Kelly Evernden,53,1990-01-22
Omar Camporese,54,1990-01-22
Guy Forget,55,1990-01-22
Pete Sampras,56,1990-01-22
Jean-Philippe Fleurian,57,1990-01-22
Todd Witsken,58,1990-01-22
Jim Pugh,59,1990-01-22
Martin Strelba,60,1990-01-22
Karel Novacek,61,1990-01-22
Tomas Carbonell,62,1990-01-22
Mikael Pernfors,63,1990-01-22
Mark Koevermans,64,1990-01-22
Alexander Volkov,65,1990-01-22
Niclas Kroon,66,1990-01-22
Michiel Schapers,67,1990-01-22
Marc Rosset,68,1990-01-22
Juan Aguilera,69,1990-01-22
Lawson Duncan,70,1990-01-22
Andrew Sznajder,71,1990-01-22
Jens Woehrmann,72,1990-01-22
Ramesh Krishnan,73,1990-01-22
Dan Goldie,74,1990-01-22
Glenn Layendecker,75,1990-01-22
Jerome Potier,76,1990-01-22
Paul Haarhuis,77,1990-01-22
Jeremy Bates,78,1990-01-22
Franco Davin,79,1990-01-22
Derrick Rostagno,80,1990-01-22
Petr Korda,81,1990-01-22
Johan Kriek,82,1990-01-22
Slobodan Zivojinovic,83,1990-01-22
Jimmy Brown,84,1990-01-22
Michael Stich,85,1990-01-22
Richard Matuszewski,86,1990-01-22
Milan Srejber,87,1990-01-22
Richard Fromberg,88,1990-01-22
Andrei Cherkasov,89,1990-01-22
Nicolas Pereira,90,1990-01-22
Leif Shiras,91,1990-01-22
Robert Seguso,92,1990-01-22
Tom Nijssen,93,1990-01-22
Alex Antonitsch,94,1990-01-22
Lars-Anders Wahlgren,95,1990-01-22
Gilad Bloom,96,1990-01-22
Peter Lundgren,97,1990-01-22
Mark Woodforde,98,1990-01-22
Pieter Aldrich,99,1990-01-22
Christian Bergstrom,100,1990-01-22
Johan Anderson,101,1990-01-22
Diego Perez,102,1990-01-22
John Fitzgerald,103,1990-01-22
Udo Riglewski,104,1990-01-22
Jason Stoltenberg,105,1990-01-22
Claudio Pistolesi,106,1990-01-22
Francesco Cancellotti,107,1990-01-22
Marian Vajda,108,1990-01-22
Cassio Motta,109,1990-01-22
Tim Wilkison,110,1990-01-22
Grant Connell,111,1990-01-22
Michael Tauson,112,1990-01-22
Mark Kratzmann,113,1990-01-22
Eduardo Bengoechea,114,1990-01-22
Andres Vysand,115,1990-01-22
Kelly Jones,116,1990-01-22
Patrik Kuhnen,117,1990-01-22
Thierry Tulasne,118,1990-01-22
Bruno Oresar,119,1990-01-22
Veli Paloheimo,120,1990-01-22
Martin Laurendeau,121,1990-01-22
Fernando Luna,122,1990-01-22
Horacio de la Pena,123,1990-01-22
Jose Francisco Altur,124,1990-01-22
Lars Jonsson,125,1990-01-22
Gary Muller,126,1990-01-22
Francisco Roig,127,1990-01-22
Roberto Azar,128,1990-01-22
Olivier Delaitre,129,1990-01-22
Diego Nargiso,130,1990-01-22
Markus Zoecke,131,1990-01-22
Thomas Hogstedt,132,1990-01-22
David Pate,133,1990-01-22
Broderick Dyke,134,1990-01-22
Leonardo Lavalle,135,1990-01-22
Nicklas Kulti,136,1990-01-22
Christian Saceanu,137,1990-01-22
Martin Wostenholme,138,1990-01-22
Eric Winogradsky,139,1990-01-22
Joey Rive,140,1990-01-22
Dan Cassidy,141,1990-01-22
Tarik Benhabiles,142,1990-01-22
Brad Drewett,143,1990-01-22
Henri Leconte,144,1990-01-22
Chris Pridham,145,1990-01-22
Simon Youl,146,1990-01-22
Gianluca Pozzi,147,1990-01-22
Simone Colombo,148,1990-01-22
Brad Pearce,149,1990-01-22
Marty Davis,150,1990-01-22
Todd Woodbridge,151,1990-01-22
Massimo Cierro,152,1990-01-22
Javier Frana,153,1990-01-22
Bong-Soo Kim,154,1990-01-22
Jeff Tarango,155,1990-01-22
Gustavo Giussani,156,1990-01-22
Nuno Marques,157,1990-01-22
Johan Carlsson,158,1990-01-22
Danie Visser,159,1990-01-22
Steve Guy,160,1990-01-22
Aki Rahunen,161,1990-01-22
Miguel Nido,162,1990-01-22
Alexander Mronz,163,1990-01-22
Mario Tabares,164,1990-01-22
Magnus Larsson,165,1990-01-22
Roberto Arguello,166,1990-01-22
Jose-Luis Aparisi,167,1990-01-22
Chris Bailey,168,1990-01-22
Jonathan Canter,169,1990-01-22
Neil Broad,170,1990-01-22
Nick Brown,171,1990-01-22
Ricki Osterthun,172,1990-01-22
Danilo Marcelino,173,1990-01-22
Joao Cunha-Silva,174,1990-01-22
Sergio Casal,175,1990-01-22
Nicklas Utgren,176,1990-01-22
Philip Johnson,177,1990-01-22
Philippe Pech,178,1990-01-22
Peter Ballauff,179,1990-01-22
Fernando Roese,180,1990-01-22
Robbie Weiss,181,1990-01-22
Bart Wuyts,182,1990-01-22
Karsten Braasch,183,1990-01-22
Mauro Menezes,184,1990-01-22
Richard Vogel,185,1990-01-22
Peter Doohan,186,1990-01-22
Neil Borwick,187,1990-01-22
Bruce Derlin,188,1990-01-22
Bryan Shelton,189,1990-01-22
Nduka Odizor,190,1990-01-22
Paul Vojtischek,191,1990-01-22
David Engel,192,1990-01-22
Claudio Mezzadri,193,1990-01-22
Christian Miniussi,194,1990-01-22
Mark Kaplan,195,1990-01-22
Michael Robertson,196,1990-01-22
Francisco Yunis,197,1990-01-22
Olivier Soules,198,1990-01-22
Gabriel Markus,199,1990-01-22
Josef Cihak,200,1990-01-22
Cyril Suk,201,1990-01-22
Francisco Clavet,202,1990-01-22
Olli Rahnasto,203,1990-01-22
Robert Van't Hof,204,1990-01-22
Patrick Baur,205,1990-01-22
Juan Carlos Baguena,206,1990-01-22
Pedro Rebolledo,207,1990-01-22
Dean Botha,208,1990-01-22
Sascha Nensel,209,1990-01-22
Andrew Castle,210,1990-01-22
Alejandro Aramburu,211,1990-01-22
Scott Warner,212,1990-01-22
Guillermo Rivas,213,1990-01-22
Torben Theine,214,1990-01-22
Ken Flach,215,1990-01-22
Rick Leach,216,1990-01-22
Peter Nyborg,217,1990-01-22
Martin Sinner,218,1990-01-22
MaliVai Washington,219,1990-01-22
Alessandro De Minicis,220,1990-01-22
Glenn Michibata,221,1990-01-22
Dirk Leppen,222,1990-01-22
Barry Moir,223,1990-01-22
Carlos Costa,224,1990-01-22
Jose Clavet,225,1990-01-22
Roberto Jabali,226,1990-01-22
Renzo Furlan,227,1990-01-22
Cedric Pioline,228,1990-01-22
Florin Segarceanu,229,1990-01-22
Marko Ostoja,230,1990-01-22
Alexandre Hocevar,231,1990-01-22
Stefan Lochbihler,232,1990-01-22
Hans Schwaier,233,1990-01-22
Borja Uribe,234,1990-01-22
Thomas Haldin,235,1990-01-22
Arnaud Boetsch,236,1990-01-22
Hendrik Jan Davids,237,1990-01-22
Jaroslav Bulant,238,1990-01-22
Sergio Cortes,239,1990-01-22
James Turner,240,1990-01-22
Russell Barlow,241,1990-01-22
Massimiliano Narducci,242,1990-01-22
Stefano Pescosolido,243,1990-01-22
Henrik Holm,244,1990-01-22
Guillaume Raoux,245,1990-01-22
Raul Antonio Viver,246,1990-01-22
Wayne Ferreira,247,1990-01-22
Tomas Nydahl,248,1990-01-22
Rikard Bergh,249,1990-01-22
Fabrice Santoro,250,1990-01-22
Cristiano Caratti,251,1990-01-22
Jared Palmer,252,1990-01-22
Carl Limberger,253,1990-01-22
Chris Garner,254,1990-01-22
Slava Dosedel,255,1990-01-22
Jaime Oncins,256,1990-01-22
Christer Allgardh,257,1990-01-22
Royce Deppe,258,1990-01-22
Frederik Fetterlein,259,1990-01-22
Christian Geyer,260,1990-01-22
Per Henricsson,261,1990-01-22
Oliver Fuchs,262,1990-01-22
Magnus Nilsson,263,1990-01-22
Zeeshan Ali,264,1990-01-22
Roger Smith,265,1990-01-22
Todd Martin,266,1990-01-22
Marcos Aurelio Gorriz,267,1990-01-22
Thomas Buchmayer,268,1990-01-22
Gilbert Schaller,269,1990-01-22
Eduardo Masso,270,1990-01-22
Michael Westphal,271,1990-01-22
Ned Caswell,272,1990-01-22
Vaclav Roubicek,273,1990-01-22
Givaldo Barbosa,274,1990-01-22
Paul Koscielski,275,1990-01-22
Buff Farrow,276,1990-01-22
Piet Norval,277,1990-01-22
Pablo Albano,278,1990-01-22
Jacco Eltingh,279,1990-01-22
Tore Meinecke,280,1990-01-22
Vijay Amritraj,281,1990-01-22
Frank Dennhardt,282,1990-01-22
Sammy Giammalva Jr.,283,1990-01-22
Enrico Cocchi,284,1990-01-22
Stephane Sansoni,285,1990-01-22
Heiner Moraing,286,1990-01-22
Dimitri Poliakov,287,1990-01-22
Jose Lopez-Maeso,288,1990-01-22
Nevio Devide,289,1990-01-22
Agustin Moreno,290,1990-01-22
Ugo Colombini,291,1990-01-22
Byron Talbot,292,1990-01-22
Brian Garrow,293,1990-01-22
Dacio Campos,294,1990-01-22
Ralph Kok,295,1990-01-22
Tom Kempers,296,1990-01-22
Libor Pimek,297,1990-01-22
Juan Pino,298,1990-01-22
Menno Oosting,299,1990-01-22
Greg Van Emburgh,300,1990-01-22
Ivan Lendl,1,1990-01-29
Boris Becker,2,1990-01-29
Stefan Edberg,3,1990-01-29
Brad Gilbert,4,1990-01-29
Michael Chang,5,1990-01-29
John McEnroe,6,1990-01-29
Aaron Krickstein,7,1990-01-29
Andre Agassi,8,1990-01-29
Yannick Noah,9,1990-01-29
Mats Wilander,10,1990-01-29
Jay Berger,11,1990-01-29
Alberto Mancini,12,1990-01-29
Martin Jaite,13,1990-01-29
Tim Mayotte,14,1990-01-29
Carl-Uwe Steeb,15,1990-01-29
Andrei Chesnokov,16,1990-01-29
Emilio Sanchez,17,1990-01-29
Andres Gomez,18,1990-01-29
Jimmy Connors,19,1990-01-29
Horst Skoff,20,1990-01-29
Kevin Curren,21,1990-01-29
Jim Courier,22,1990-01-29
Sergi Bruguera,23,1990-01-29
Jaime Yzaga,24,1990-01-29
Jakob Hlasek,25,1990-01-29
Christo Van Rensburg,26,1990-01-29
Guillermo Perez-Roldan,27,1990-01-29
David Wheaton,28,1990-01-29
Thomas Muster,29,1990-01-29
Jim Grabb,30,1990-01-29
Ronald Agenor,31,1990-01-29
Jordi Arrese,32,1990-01-29
Wally Masur,33,1990-01-29
Magnus Gustafsson,34,1990-01-29
Paolo Cane,35,1990-01-29
Scott Davis,36,1990-01-29
Mikael Pernfors,37,1990-01-29
Goran Ivanisevic,38,1990-01-29
Miloslav Mecir Sr.,39,1990-01-29
Marcelo Filippini,40,1990-01-29
Javier Sanchez,41,1990-01-29
Pete Sampras,42,1990-01-29
Anders Jarryd,43,1990-01-29
Amos Mansdorf,44,1990-01-29
Goran Prpic,45,1990-01-29
Luiz Mattar,46,1990-01-29
Jonas Svensson,47,1990-01-29
Jean-Philippe Fleurian,48,1990-01-29
Jan Gunnarsson,49,1990-01-29
Richey Reneberg,50,1990-01-29
Paul Annacone,51,1990-01-29
Paul Chamberlin,52,1990-01-29
Eric Jelen,53,1990-01-29
Jimmy Arias,54,1990-01-29
Guy Forget,55,1990-01-29
Andrei Cherkasov,56,1990-01-29
Darren Cahill,57,1990-01-29
Kelly Evernden,58,1990-01-29
Karel Novacek,59,1990-01-29
Todd Witsken,60,1990-01-29
Martin Strelba,61,1990-01-29
Jim Pugh,62,1990-01-29
Tomas Carbonell,63,1990-01-29
Alexander Volkov,64,1990-01-29
Omar Camporese,65,1990-01-29
Lars-Anders Wahlgren,66,1990-01-29
Mark Koevermans,67,1990-01-29
Dan Goldie,68,1990-01-29
Jens Woehrmann,69,1990-01-29
Andrew Sznajder,70,1990-01-29
Marc Rosset,71,1990-01-29
Juan Aguilera,72,1990-01-29
Niclas Kroon,73,1990-01-29
Lawson Duncan,74,1990-01-29
Petr Korda,75,1990-01-29
Milan Srejber,76,1990-01-29
Glenn Layendecker,77,1990-01-29
Jerome Potier,78,1990-01-29
Michael Stich,79,1990-01-29
Paul Haarhuis,80,1990-01-29
Veli Paloheimo,81,1990-01-29
Franco Davin,82,1990-01-29
Derrick Rostagno,83,1990-01-29
Udo Riglewski,84,1990-01-29
Jimmy Brown,85,1990-01-29
Jeremy Bates,86,1990-01-29
Michiel Schapers,87,1990-01-29
Ramesh Krishnan,88,1990-01-29
Gilad Bloom,89,1990-01-29
Alex Antonitsch,90,1990-01-29
Slobodan Zivojinovic,91,1990-01-29
Nicolas Pereira,92,1990-01-29
Richard Matuszewski,93,1990-01-29
Richard Fromberg,94,1990-01-29
Johan Kriek,95,1990-01-29
Christian Bergstrom,96,1990-01-29
Mark Woodforde,97,1990-01-29
Leif Shiras,98,1990-01-29
Robert Seguso,99,1990-01-29
Claudio Pistolesi,100,1990-01-29
Peter Lundgren,101,1990-01-29
Pieter Aldrich,102,1990-01-29
Johan Anderson,103,1990-01-29
Diego Perez,104,1990-01-29
Bruno Oresar,105,1990-01-29
Lars Jonsson,106,1990-01-29
Kelly Jones,107,1990-01-29
Francesco Cancellotti,108,1990-01-29
Andres Vysand,109,1990-01-29
Simon Youl,110,1990-01-29
Marian Vajda,111,1990-01-29
Cassio Motta,112,1990-01-29
John Fitzgerald,113,1990-01-29
Tim Wilkison,114,1990-01-29
Tom Nijssen,115,1990-01-29
Michael Tauson,116,1990-01-29
Eduardo Bengoechea,117,1990-01-29
Grant Connell,118,1990-01-29
Patrik Kuhnen,119,1990-01-29
Thierry Tulasne,120,1990-01-29
Jason Stoltenberg,121,1990-01-29
Mark Kratzmann,122,1990-01-29
Martin Laurendeau,123,1990-01-29
Olivier Delaitre,124,1990-01-29
Fernando Luna,125,1990-01-29
Jose Francisco Altur,126,1990-01-29
Henri Leconte,127,1990-01-29
Gary Muller,128,1990-01-29
Francisco Roig,129,1990-01-29
Horacio de la Pena,130,1990-01-29
Roberto Azar,131,1990-01-29
Diego Nargiso,132,1990-01-29
Christian Saceanu,133,1990-01-29
Markus Zoecke,134,1990-01-29
Martin Wostenholme,135,1990-01-29
Thomas Hogstedt,136,1990-01-29
David Pate,137,1990-01-29
Alexander Mronz,138,1990-01-29
Todd Woodbridge,139,1990-01-29
Brad Drewett,140,1990-01-29
Eric Winogradsky,141,1990-01-29
Joey Rive,142,1990-01-29
Tarik Benhabiles,143,1990-01-29
Dan Cassidy,144,1990-01-29
Broderick Dyke,145,1990-01-29
Bong-Soo Kim,146,1990-01-29
Magnus Larsson,147,1990-01-29
Jeff Tarango,148,1990-01-29
Nicklas Kulti,149,1990-01-29
Brad Pearce,150,1990-01-29
Gianluca Pozzi,151,1990-01-29
Nuno Marques,152,1990-01-29
Simone Colombo,153,1990-01-29
Massimo Cierro,154,1990-01-29
Javier Frana,155,1990-01-29
Leonardo Lavalle,156,1990-01-29
Gustavo Giussani,157,1990-01-29
Johan Carlsson,158,1990-01-29
Chris Pridham,159,1990-01-29
Aki Rahunen,160,1990-01-29
Steve Guy,161,1990-01-29
Marty Davis,162,1990-01-29
Miguel Nido,163,1990-01-29
Mario Tabares,164,1990-01-29
Roberto Arguello,165,1990-01-29
Nick Brown,166,1990-01-29
Neil Borwick,167,1990-01-29
Chris Bailey,168,1990-01-29
Jonathan Canter,169,1990-01-29
Nduka Odizor,170,1990-01-29
Fabrice Santoro,171,1990-01-29
Jose-Luis Aparisi,172,1990-01-29
Guillaume Raoux,173,1990-01-29
Ricki Osterthun,174,1990-01-29
Neil Broad,175,1990-01-29
Joao Cunha-Silva,176,1990-01-29
Karsten Braasch,177,1990-01-29
Sergio Casal,178,1990-01-29
Nicklas Utgren,179,1990-01-29
Philip Johnson,180,1990-01-29
Stefano Pescosolido,181,1990-01-29
Danie Visser,182,1990-01-29
Philippe Pech,183,1990-01-29
Peter Doohan,184,1990-01-29
Mark Kaplan,185,1990-01-29
Paul Vojtischek,186,1990-01-29
Richard Vogel,187,1990-01-29
Olivier Soules,188,1990-01-29
Fernando Roese,189,1990-01-29
Danilo Marcelino,190,1990-01-29
Robbie Weiss,191,1990-01-29
Bart Wuyts,192,1990-01-29
Mauro Menezes,193,1990-01-29
Bruce Derlin,194,1990-01-29
Bryan Shelton,195,1990-01-29
Peter Ballauff,196,1990-01-29
David Engel,197,1990-01-29
Peter Nyborg,198,1990-01-29
Claudio Mezzadri,199,1990-01-29
Cyril Suk,200,1990-01-29
Christian Miniussi,201,1990-01-29
Michael Robertson,202,1990-01-29
Francisco Yunis,203,1990-01-29
Olli Rahnasto,204,1990-01-29
Gabriel Markus,205,1990-01-29
Martin Sinner,206,1990-01-29
Josef Cihak,207,1990-01-29
Francisco Clavet,208,1990-01-29
Robert Van't Hof,209,1990-01-29
Chris Garner,210,1990-01-29
Patrick Baur,211,1990-01-29
Dean Botha,212,1990-01-29
Juan Carlos Baguena,213,1990-01-29
Pedro Rebolledo,214,1990-01-29
Andrew Castle,215,1990-01-29
Alejandro Aramburu,216,1990-01-29
Cedric Pioline,217,1990-01-29
Scott Warner,218,1990-01-29
Guillermo Rivas,219,1990-01-29
Andrei Olhovskiy,220,1990-01-29
Torben Theine,221,1990-01-29
Ken Flach,222,1990-01-29
MaliVai Washington,223,1990-01-29
Alessandro De Minicis,224,1990-01-29
Stefan Lochbihler,225,1990-01-29
Glenn Michibata,226,1990-01-29
Rick Leach,227,1990-01-29
Dirk Leppen,228,1990-01-29
Barry Moir,229,1990-01-29
Carlos Costa,230,1990-01-29
Jose Clavet,231,1990-01-29
Roberto Jabali,232,1990-01-29
Marko Ostoja,233,1990-01-29
Renzo Furlan,234,1990-01-29
Hans Schwaier,235,1990-01-29
Alexandre Hocevar,236,1990-01-29
Henrik Holm,237,1990-01-29
Thomas Haldin,238,1990-01-29
Arnaud Boetsch,239,1990-01-29
Borja Uribe,240,1990-01-29
Jaroslav Bulant,241,1990-01-29
Marcos Aurelio Gorriz,242,1990-01-29
Sergio Cortes,243,1990-01-29
James Turner,244,1990-01-29
Russell Barlow,245,1990-01-29
Sascha Nensel,246,1990-01-29
Raul Antonio Viver,247,1990-01-29
Wayne Ferreira,248,1990-01-29
Christian Geyer,249,1990-01-29
Tomas Nydahl,250,1990-01-29
Thomas Buchmayer,251,1990-01-29
Rikard Bergh,252,1990-01-29
Cristiano Caratti,253,1990-01-29
Jared Palmer,254,1990-01-29
Carl Limberger,255,1990-01-29
Slava Dosedel,256,1990-01-29
Jaime Oncins,257,1990-01-29
Christer Allgardh,258,1990-01-29
Frederik Fetterlein,259,1990-01-29
Massimiliano Narducci,260,1990-01-29
Royce Deppe,261,1990-01-29
Gilbert Schaller,262,1990-01-29
Per Henricsson,263,1990-01-29
Magnus Nilsson,264,1990-01-29
Oliver Fuchs,265,1990-01-29
Zeeshan Ali,266,1990-01-29
Todd Martin,267,1990-01-29
Roger Smith,268,1990-01-29
Thierry Champion,269,1990-01-29
Eduardo Masso,270,1990-01-29
Vaclav Roubicek,271,1990-01-29
Ned Caswell,272,1990-01-29
Michael Westphal,273,1990-01-29
Brian Garrow,274,1990-01-29
Xavier Daufresne,275,1990-01-29
Givaldo Barbosa,276,1990-01-29
Paul Koscielski,277,1990-01-29
Buff Farrow,278,1990-01-29
Piet Norval,279,1990-01-29
Tom Kempers,280,1990-01-29
Pablo Albano,281,1990-01-29
Jacco Eltingh,282,1990-01-29
Hendrik Jan Davids,283,1990-01-29
Menno Oosting,284T,1990-01-29
Florin Segarceanu,284T,1990-01-29
Vijay Amritraj,286,1990-01-29
Frank Dennhardt,287,1990-01-29
Sammy Giammalva Jr.,288,1990-01-29
Enrico Cocchi,289,1990-01-29
Ralph Kok,290,1990-01-29
Stephane Sansoni,291,1990-01-29
Pablo Arraya,292,1990-01-29
Dimitri Poliakov,293,1990-01-29
Agustin Moreno,294,1990-01-29
Jorgen Windahl,295,1990-01-29
Dacio Campos,296,1990-01-29
Byron Talbot,297,1990-01-29
Libor Pimek,298,1990-01-29
Juan Pino,299,1990-01-29
Kent Carlsson,300,1990-01-29
Ivan Lendl,1,1990-02-05
Boris Becker,2,1990-02-05
Stefan Edberg,3,1990-02-05
Brad Gilbert,4,1990-02-05
Michael Chang,5,1990-02-05
John McEnroe,6,1990-02-05
Aaron Krickstein,7,1990-02-05
Andre Agassi,8,1990-02-05
Yannick Noah,9,1990-02-05
Mats Wilander,10,1990-02-05
Jay Berger,11,1990-02-05
Alberto Mancini,12,1990-02-05
Martin Jaite,13,1990-02-05
Tim Mayotte,14,1990-02-05
Carl-Uwe Steeb,15,1990-02-05
Andrei Chesnokov,16,1990-02-05
Emilio Sanchez,17,1990-02-05
Andres Gomez,18,1990-02-05
Jimmy Connors,19,1990-02-05
Horst Skoff,20,1990-02-05
Kevin Curren,21,1990-02-05
Jim Courier,22,1990-02-05
Sergi Bruguera,23,1990-02-05
Jaime Yzaga,24,1990-02-05
Jakob Hlasek,25,1990-02-05
Christo Van Rensburg,26,1990-02-05
Guillermo Perez-Roldan,27,1990-02-05
David Wheaton,28,1990-02-05
Thomas Muster,29,1990-02-05
Jim Grabb,30,1990-02-05
Ronald Agenor,31,1990-02-05
Jordi Arrese,32,1990-02-05
Wally Masur,33,1990-02-05
Magnus Gustafsson,34,1990-02-05
Paolo Cane,35,1990-02-05
Scott Davis,36,1990-02-05
Mikael Pernfors,37,1990-02-05
Goran Ivanisevic,38,1990-02-05
Miloslav Mecir Sr.,39,1990-02-05
Marcelo Filippini,40,1990-02-05
Javier Sanchez,41,1990-02-05
Pete Sampras,42,1990-02-05
Anders Jarryd,43,1990-02-05
Amos Mansdorf,44,1990-02-05
Goran Prpic,45,1990-02-05
Luiz Mattar,46,1990-02-05
Jonas Svensson,47,1990-02-05
Jean-Philippe Fleurian,48,1990-02-05
Jan Gunnarsson,49,1990-02-05
Richey Reneberg,50,1990-02-05
Paul Annacone,51,1990-02-05
Paul Chamberlin,52,1990-02-05
Eric Jelen,53,1990-02-05
Jimmy Arias,54,1990-02-05
Guy Forget,55,1990-02-05
Andrei Cherkasov,56,1990-02-05
Darren Cahill,57,1990-02-05
Kelly Evernden,58,1990-02-05
Karel Novacek,59,1990-02-05
Todd Witsken,60,1990-02-05
Martin Strelba,61,1990-02-05
Jim Pugh,62,1990-02-05
Tomas Carbonell,63,1990-02-05
Alexander Volkov,64,1990-02-05
Omar Camporese,65,1990-02-05
Lars-Anders Wahlgren,66,1990-02-05
Mark Koevermans,67,1990-02-05
Dan Goldie,68,1990-02-05
Jens Woehrmann,69,1990-02-05
Andrew Sznajder,70,1990-02-05
Marc Rosset,71,1990-02-05
Juan Aguilera,72,1990-02-05
Niclas Kroon,73,1990-02-05
Lawson Duncan,74,1990-02-05
Petr Korda,75,1990-02-05
Milan Srejber,76,1990-02-05
Glenn Layendecker,77,1990-02-05
Jerome Potier,78,1990-02-05
Michael Stich,79,1990-02-05
Paul Haarhuis,80,1990-02-05
Veli Paloheimo,81,1990-02-05
Franco Davin,82,1990-02-05
Derrick Rostagno,83,1990-02-05
Udo Riglewski,84,1990-02-05
Jimmy Brown,85,1990-02-05
Jeremy Bates,86,1990-02-05
Michiel Schapers,87,1990-02-05
Ramesh Krishnan,88,1990-02-05
Gilad Bloom,89,1990-02-05
Alex Antonitsch,90,1990-02-05
Slobodan Zivojinovic,91,1990-02-05
Nicolas Pereira,92,1990-02-05
Richard Matuszewski,93,1990-02-05
Richard Fromberg,94,1990-02-05
Johan Kriek,95,1990-02-05
Christian Bergstrom,96,1990-02-05
Mark Woodforde,97,1990-02-05
Leif Shiras,98,1990-02-05
Robert Seguso,99,1990-02-05
Claudio Pistolesi,100,1990-02-05
Peter Lundgren,101,1990-02-05
Pieter Aldrich,102,1990-02-05
Johan Anderson,103,1990-02-05
Diego Perez,104,1990-02-05
Bruno Oresar,105,1990-02-05
Lars Jonsson,106,1990-02-05
Kelly Jones,107,1990-02-05
Francesco Cancellotti,108,1990-02-05
Andres Vysand,109,1990-02-05
Simon Youl,110,1990-02-05
Marian Vajda,111,1990-02-05
Cassio Motta,112,1990-02-05
John Fitzgerald,113,1990-02-05
Tim Wilkison,114,1990-02-05
Tom Nijssen,115,1990-02-05
Michael Tauson,116,1990-02-05
Eduardo Bengoechea,117,1990-02-05
Grant Connell,118,1990-02-05
Patrik Kuhnen,119,1990-02-05
Thierry Tulasne,120,1990-02-05
Jason Stoltenberg,121,1990-02-05
Mark Kratzmann,122,1990-02-05
Martin Laurendeau,123,1990-02-05
Olivier Delaitre,124,1990-02-05
Fernando Luna,125,1990-02-05
Jose Francisco Altur,126,1990-02-05
Henri Leconte,127,1990-02-05
Gary Muller,128,1990-02-05
Francisco Roig,129,1990-02-05
Horacio de la Pena,130,1990-02-05
Roberto Azar,131,1990-02-05
Diego Nargiso,132,1990-02-05
Christian Saceanu,133,1990-02-05
Markus Zoecke,134,1990-02-05
Martin Wostenholme,135,1990-02-05
Thomas Hogstedt,136,1990-02-05
David Pate,137,1990-02-05
Alexander Mronz,138,1990-02-05
Todd Woodbridge,139,1990-02-05
Brad Drewett,140,1990-02-05
Eric Winogradsky,141,1990-02-05
Joey Rive,142,1990-02-05
Tarik Benhabiles,143,1990-02-05
Dan Cassidy,144,1990-02-05
Broderick Dyke,145,1990-02-05
Bong-Soo Kim,146,1990-02-05
Magnus Larsson,147,1990-02-05
Jeff Tarango,148,1990-02-05
Nicklas Kulti,149,1990-02-05
Brad Pearce,150,1990-02-05
Gianluca Pozzi,151,1990-02-05
Nuno Marques,152,1990-02-05
Simone Colombo,153,1990-02-05
Massimo Cierro,154,1990-02-05
Javier Frana,155,1990-02-05
Leonardo Lavalle,156,1990-02-05
Gustavo Giussani,157,1990-02-05
Johan Carlsson,158,1990-02-05
Chris Pridham,159,1990-02-05
Aki Rahunen,160,1990-02-05
Steve Guy,161,1990-02-05
Marty Davis,162,1990-02-05
Miguel Nido,163,1990-02-05
Mario Tabares,164,1990-02-05
Roberto Arguello,165,1990-02-05
Nick Brown,166,1990-02-05
Neil Borwick,167,1990-02-05
Chris Bailey,168,1990-02-05
Jonathan Canter,169,1990-02-05
Nduka Odizor,170,1990-02-05
Fabrice Santoro,171,1990-02-05
Jose-Luis Aparisi,172,1990-02-05
Guillaume Raoux,173,1990-02-05
Ricki Osterthun,174,1990-02-05
Neil Broad,175,1990-02-05
Joao Cunha-Silva,176,1990-02-05
Karsten Braasch,177,1990-02-05
Sergio Casal,178,1990-02-05
Nicklas Utgren,179,1990-02-05
Philip Johnson,180,1990-02-05
Stefano Pescosolido,181,1990-02-05
Danie Visser,182,1990-02-05
Philippe Pech,183,1990-02-05
Peter Doohan,184,1990-02-05
Mark Kaplan,185,1990-02-05
Paul Vojtischek,186,1990-02-05
Richard Vogel,187,1990-02-05
Olivier Soules,188,1990-02-05
Fernando Roese,189,1990-02-05
Danilo Marcelino,190,1990-02-05
Robbie Weiss,191,1990-02-05
Bart Wuyts,192,1990-02-05
Mauro Menezes,193,1990-02-05
Bruce Derlin,194,1990-02-05
Bryan Shelton,195,1990-02-05
Peter Ballauff,196,1990-02-05
David Engel,197,1990-02-05
Peter Nyborg,198,1990-02-05
Claudio Mezzadri,199,1990-02-05
Cyril Suk,200,1990-02-05
Christian Miniussi,201,1990-02-05
Michael Robertson,202,1990-02-05
Francisco Yunis,203,1990-02-05
Olli Rahnasto,204,1990-02-05
Gabriel Markus,205,1990-02-05
Martin Sinner,206,1990-02-05
Josef Cihak,207,1990-02-05
Francisco Clavet,208,1990-02-05
Robert Van't Hof,209,1990-02-05
Chris Garner,210,1990-02-05
Patrick Baur,211,1990-02-05
Dean Botha,212,1990-02-05
Juan Carlos Baguena,213,1990-02-05
Pedro Rebolledo,214,1990-02-05
Andrew Castle,215,1990-02-05
Alejandro Aramburu,216,1990-02-05
Cedric Pioline,217,1990-02-05
Scott Warner,218,1990-02-05
Guillermo Rivas,219,1990-02-05
Andrei Olhovskiy,220,1990-02-05
Torben Theine,221,1990-02-05
Ken Flach,222,1990-02-05
MaliVai Washington,223,1990-02-05
Alessandro De Minicis,224,1990-02-05
Stefan Lochbihler,225,1990-02-05
Glenn Michibata,226,1990-02-05
Rick Leach,227,1990-02-05
Dirk Leppen,228,1990-02-05
Barry Moir,229,1990-02-05
Carlos Costa,230,1990-02-05
Jose Clavet,231,1990-02-05
Roberto Jabali,232,1990-02-05
Marko Ostoja,233,1990-02-05
Renzo Furlan,234,1990-02-05
Hans Schwaier,235,1990-02-05
Alexandre Hocevar,236,1990-02-05
Henrik Holm,237,1990-02-05
Thomas Haldin,238,1990-02-05
Arnaud Boetsch,239,1990-02-05
Borja Uribe,240,1990-02-05
Jaroslav Bulant,241,1990-02-05
Marcos Aurelio Gorriz,242,1990-02-05
Sergio Cortes,243,1990-02-05
James Turner,244,1990-02-05
Russell Barlow,245,1990-02-05
Sascha Nensel,246,1990-02-05
Raul Antonio Viver,247,1990-02-05
Wayne Ferreira,248,1990-02-05
Christian Geyer,249,1990-02-05
Tomas Nydahl,250,1990-02-05
Thomas Buchmayer,251,1990-02-05
Rikard Bergh,252,1990-02-05
Cristiano Caratti,253,1990-02-05
Jared Palmer,254,1990-02-05
Carl Limberger,255,1990-02-05
Slava Dosedel,256,1990-02-05
Jaime Oncins,257,1990-02-05
Christer Allgardh,258,1990-02-05
Frederik Fetterlein,259,1990-02-05
Massimiliano Narducci,260,1990-02-05
Royce Deppe,261,1990-02-05
Gilbert Schaller,262,1990-02-05
Per Henricsson,263,1990-02-05
Magnus Nilsson,264,1990-02-05
Oliver Fuchs,265,1990-02-05
Zeeshan Ali,266,1990-02-05
Todd Martin,267,1990-02-05
Roger Smith,268,1990-02-05
Thierry Champion,269,1990-02-05
Eduardo Masso,270,1990-02-05
Vaclav Roubicek,271,1990-02-05
Ned Caswell,272,1990-02-05
Michael Westphal,273,1990-02-05
Brian Garrow,274,1990-02-05
Xavier Daufresne,275,1990-02-05
Givaldo Barbosa,276,1990-02-05
Paul Koscielski,277,1990-02-05
Buff Farrow,278,1990-02-05
Piet Norval,279,1990-02-05
Tom Kempers,280,1990-02-05
Pablo Albano,281,1990-02-05
Jacco Eltingh,282,1990-02-05
Hendrik Jan Davids,283,1990-02-05
Menno Oosting,284T,1990-02-05
Florin Segarceanu,284T,1990-02-05
Vijay Amritraj,286,1990-02-05
Frank Dennhardt,287,1990-02-05
Sammy Giammalva Jr.,288,1990-02-05
Enrico Cocchi,289,1990-02-05
Ralph Kok,290,1990-02-05
Stephane Sansoni,291,1990-02-05
Pablo Arraya,292,1990-02-05
Dimitri Poliakov,293,1990-02-05
Agustin Moreno,294,1990-02-05
Jorgen Windahl,295,1990-02-05
Dacio Campos,296,1990-02-05
Byron Talbot,297,1990-02-05
Libor Pimek,298,1990-02-05
Juan Pino,299,1990-02-05
Kent Carlsson,300,1990-02-05
Ivan Lendl,1,1990-02-12
Boris Becker,2,1990-02-12
Stefan Edberg,3,1990-02-12
John McEnroe,4,1990-02-12
Brad Gilbert,5,1990-02-12
Michael Chang,6,1990-02-12
Andre Agassi,7,1990-02-12
Aaron Krickstein,8,1990-02-12
Mats Wilander,9,1990-02-12
Jay Berger,10,1990-02-12
Martin Jaite,11,1990-02-12
Tim Mayotte,12,1990-02-12
Alberto Mancini,13,1990-02-12
Yannick Noah,14,1990-02-12
Carl-Uwe Steeb,15,1990-02-12
Andrei Chesnokov,16,1990-02-12
Emilio Sanchez,17,1990-02-12
Andres Gomez,18,1990-02-12
Jimmy Connors,19,1990-02-12
Horst Skoff,20,1990-02-12
Jim Courier,21,1990-02-12
Kevin Curren,22,1990-02-12
Sergi Bruguera,23,1990-02-12
Jim Grabb,24,1990-02-12
Christo Van Rensburg,25,1990-02-12
Jaime Yzaga,26,1990-02-12
David Wheaton,27,1990-02-12
Guillermo Perez-Roldan,28,1990-02-12
Pete Sampras,29,1990-02-12
Thomas Muster,30,1990-02-12
Ronald Agenor,31,1990-02-12
Jordi Arrese,32,1990-02-12
Paolo Cane,33,1990-02-12
Wally Masur,34,1990-02-12
Scott Davis,35,1990-02-12
Magnus Gustafsson,36,1990-02-12
Mikael Pernfors,37,1990-02-12
Goran Ivanisevic,38,1990-02-12
Miloslav Mecir Sr.,39,1990-02-12
Marcelo Filippini,40,1990-02-12
Javier Sanchez,41,1990-02-12
Jakob Hlasek,42,1990-02-12
Luiz Mattar,43,1990-02-12
Todd Witsken,44,1990-02-12
Amos Mansdorf,45,1990-02-12
Goran Prpic,46,1990-02-12
Paul Annacone,47,1990-02-12
Richey Reneberg,48,1990-02-12
Jimmy Arias,49,1990-02-12
Eric Jelen,50,1990-02-12
Jonas Svensson,51,1990-02-12
Jean-Philippe Fleurian,52,1990-02-12
Jan Gunnarsson,53,1990-02-12
Paul Chamberlin,54,1990-02-12
Guy Forget,55,1990-02-12
Karel Novacek,56,1990-02-12
Andrei Cherkasov,57,1990-02-12
Kelly Evernden,58,1990-02-12
Milan Srejber,59,1990-02-12
Alexander Volkov,60,1990-02-12
Martin Strelba,61,1990-02-12
Jim Pugh,62,1990-02-12
Tomas Carbonell,63,1990-02-12
Anders Jarryd,64,1990-02-12
Omar Camporese,65,1990-02-12
Dan Goldie,66,1990-02-12
Mark Koevermans,67,1990-02-12
Jens Woehrmann,68,1990-02-12
Andrew Sznajder,69,1990-02-12
Darren Cahill,70,1990-02-12
Lawson Duncan,71,1990-02-12
Jeremy Bates,72,1990-02-12
Marc Rosset,73,1990-02-12
Juan Aguilera,74,1990-02-12
Niclas Kroon,75,1990-02-12
Petr Korda,76,1990-02-12
Glenn Layendecker,77,1990-02-12
Derrick Rostagno,78,1990-02-12
Jerome Potier,79,1990-02-12
Michael Stich,80,1990-02-12
Paul Haarhuis,81,1990-02-12
Veli Paloheimo,82,1990-02-12
Franco Davin,83,1990-02-12
Eduardo Bengoechea,84,1990-02-12
Lars-Anders Wahlgren,85,1990-02-12
Ramesh Krishnan,86,1990-02-12
Gilad Bloom,87,1990-02-12
Alex Antonitsch,88,1990-02-12
Slobodan Zivojinovic,89,1990-02-12
Nicolas Pereira,90,1990-02-12
Richard Matuszewski,91,1990-02-12
Richard Fromberg,92,1990-02-12
Johan Kriek,93,1990-02-12
Mark Woodforde,94,1990-02-12
Leif Shiras,95,1990-02-12
Robert Seguso,96,1990-02-12
Udo Riglewski,97,1990-02-12
Gary Muller,98,1990-02-12
Joey Rive,99,1990-02-12
Claudio Pistolesi,100,1990-02-12
Christian Bergstrom,101,1990-02-12
Cassio Motta,102,1990-02-12
Kelly Jones,103,1990-02-12
Peter Lundgren,104,1990-02-12
Tim Wilkison,105,1990-02-12
Michiel Schapers,106,1990-02-12
Pieter Aldrich,107,1990-02-12
Johan Anderson,108,1990-02-12
Diego Perez,109,1990-02-12
Simon Youl,110,1990-02-12
Markus Zoecke,111,1990-02-12
Bruno Oresar,112,1990-02-12
Lars Jonsson,113,1990-02-12
Francesco Cancellotti,114,1990-02-12
Andres Vysand,115,1990-02-12
Jimmy Brown,116,1990-02-12
Marian Vajda,117,1990-02-12
John Fitzgerald,118,1990-02-12
Tom Nijssen,119,1990-02-12
Grant Connell,120,1990-02-12
Thierry Tulasne,121,1990-02-12
Jason Stoltenberg,122,1990-02-12
Mark Kratzmann,123,1990-02-12
Martin Laurendeau,124,1990-02-12
Olivier Delaitre,125,1990-02-12
Fernando Luna,126,1990-02-12
Horacio de la Pena,127,1990-02-12
Jose Francisco Altur,128,1990-02-12
Michael Tauson,129,1990-02-12
Henri Leconte,130,1990-02-12
Francisco Roig,131,1990-02-12
Roberto Azar,132,1990-02-12
Diego Nargiso,133,1990-02-12
Fabrice Santoro,134,1990-02-12
Thomas Hogstedt,135,1990-02-12
Alexander Mronz,136,1990-02-12
David Pate,137,1990-02-12
Patrik Kuhnen,138,1990-02-12
Todd Woodbridge,139,1990-02-12
Brad Drewett,140,1990-02-12
Martin Wostenholme,141,1990-02-12
Eric Winogradsky,142,1990-02-12
Dan Cassidy,143,1990-02-12
Bong-Soo Kim,144,1990-02-12
Mario Tabares,145,1990-02-12
Christian Saceanu,146,1990-02-12
Tarik Benhabiles,147,1990-02-12
Broderick Dyke,148,1990-02-12
Magnus Larsson,149,1990-02-12
Jeff Tarango,150,1990-02-12
Nicklas Kulti,151,1990-02-12
Miguel Nido,152,1990-02-12
Gianluca Pozzi,153,1990-02-12
Brad Pearce,154,1990-02-12
Nuno Marques,155,1990-02-12
Massimo Cierro,156,1990-02-12
Javier Frana,157,1990-02-12
Paul Vojtischek,158,1990-02-12
Gustavo Giussani,159,1990-02-12
Johan Carlsson,160,1990-02-12
Chris Pridham,161,1990-02-12
Chris Bailey,162,1990-02-12
Simone Colombo,163,1990-02-12
Aki Rahunen,164,1990-02-12
Steve Guy,165,1990-02-12
Neil Borwick,166,1990-02-12
Roberto Arguello,167,1990-02-12
Leonardo Lavalle,168,1990-02-12
Alexandre Hocevar,169,1990-02-12
Jonathan Canter,170,1990-02-12
Guillaume Raoux,171,1990-02-12
Nick Brown,172,1990-02-12
Nduka Odizor,173,1990-02-12
Jose-Luis Aparisi,174,1990-02-12
Chris Garner,175,1990-02-12
Mark Kaplan,176,1990-02-12
Nicklas Utgren,177,1990-02-12
Ricki Osterthun,178,1990-02-12
Neil Broad,179,1990-02-12
Olivier Soules,180,1990-02-12
Peter Ballauff,181,1990-02-12
Joao Cunha-Silva,182,1990-02-12
Karsten Braasch,183,1990-02-12
Stefano Pescosolido,184,1990-02-12
Peter Nyborg,185,1990-02-12
Sergio Casal,186,1990-02-12
Philip Johnson,187,1990-02-12
Philippe Pech,188,1990-02-12
Danie Visser,189,1990-02-12
Robbie Weiss,190,1990-02-12
Peter Doohan,191T,1990-02-12
Richard Vogel,191T,1990-02-12
Andrew Castle,193,1990-02-12
Gabriel Markus,194,1990-02-12
Fernando Roese,195,1990-02-12
Bart Wuyts,196,1990-02-12
Bruce Derlin,197,1990-02-12
Bryan Shelton,198,1990-02-12
David Engel,199,1990-02-12
Patrick Baur,200,1990-02-12
Claudio Mezzadri,201,1990-02-12
Alejandro Aramburu,202,1990-02-12
Andrei Olhovskiy,203,1990-02-12
Cyril Suk,204,1990-02-12
Christian Miniussi,205,1990-02-12
Michael Robertson,206,1990-02-12
Francisco Yunis,207,1990-02-12
Mauro Menezes,208,1990-02-12
Martin Sinner,209,1990-02-12
Dean Botha,210,1990-02-12
Josef Cihak,211,1990-02-12
Francisco Clavet,212,1990-02-12
Thierry Champion,213,1990-02-12
Robert Van't Hof,214,1990-02-12
Thomas Haldin,215,1990-02-12
Juan Carlos Baguena,216,1990-02-12
Pedro Rebolledo,217,1990-02-12
Cedric Pioline,218,1990-02-12
Scott Warner,219,1990-02-12
Guillermo Rivas,220,1990-02-12
Brian Garrow,221,1990-02-12
Torben Theine,222,1990-02-12
Ken Flach,223,1990-02-12
Stefan Lochbihler,224,1990-02-12
MaliVai Washington,225,1990-02-12
Alessandro De Minicis,226,1990-02-12
Marty Davis,227,1990-02-12
Glenn Michibata,228,1990-02-12
Dirk Leppen,229,1990-02-12
Rick Leach,230,1990-02-12
Barry Moir,231,1990-02-12
Danilo Marcelino,232,1990-02-12
Carlos Costa,233,1990-02-12
Jose Clavet,234,1990-02-12
James Turner,235,1990-02-12
Renzo Furlan,236,1990-02-12
Hans Schwaier,237,1990-02-12
Dimitri Poliakov,238,1990-02-12
Henrik Holm,239,1990-02-12
Marko Ostoja,240,1990-02-12
Borja Uribe,241,1990-02-12
Jaroslav Bulant,242,1990-02-12
Sergio Cortes,243,1990-02-12
Marcos Aurelio Gorriz,244,1990-02-12
Russell Barlow,245,1990-02-12
Roberto Jabali,246,1990-02-12
Sascha Nensel,247,1990-02-12
Arnaud Boetsch,248,1990-02-12
Thomas Buchmayer,249,1990-02-12
Olli Rahnasto,250,1990-02-12
Wayne Ferreira,251,1990-02-12
Christian Geyer,252,1990-02-12
Ivan Kley,253,1990-02-12
Tomas Nydahl,254,1990-02-12
Cristiano Caratti,255,1990-02-12
Jared Palmer,256,1990-02-12
Rikard Bergh,257,1990-02-12
Carl Limberger,258,1990-02-12
Frederik Fetterlein,259,1990-02-12
Slava Dosedel,260,1990-02-12
Jaime Oncins,261,1990-02-12
Gilbert Schaller,262,1990-02-12
Massimiliano Narducci,263,1990-02-12
Raul Antonio Viver,264,1990-02-12
Per Henricsson,265,1990-02-12
Oliver Fuchs,266,1990-02-12
Royce Deppe,267,1990-02-12
Todd Martin,268,1990-02-12
Roger Smith,269,1990-02-12
Magnus Nilsson,270,1990-02-12
Xavier Daufresne,271,1990-02-12
Eduardo Masso,272,1990-02-12
Vaclav Roubicek,273,1990-02-12
Ned Caswell,274,1990-02-12
Paul Koscielski,275,1990-02-12
Buff Farrow,276,1990-02-12
Michael Westphal,277,1990-02-12
Piet Norval,278,1990-02-12
Pablo Albano,279,1990-02-12
Hendrik Jan Davids,280,1990-02-12
Jacco Eltingh,281,1990-02-12
Pablo Arraya,282,1990-02-12
Florin Segarceanu,283,1990-02-12
Menno Oosting,284,1990-02-12
Vijay Amritraj,285,1990-02-12
Enrico Cocchi,286,1990-02-12
Frank Dennhardt,287,1990-02-12
Sammy Giammalva Jr.,288,1990-02-12
Stephane Sansoni,289,1990-02-12
Tom Kempers,290,1990-02-12
Ralph Kok,291,1990-02-12
Christer Allgardh,292,1990-02-12
Agustin Moreno,293,1990-02-12
Paolo Pambianco,294,1990-02-12
David Macpherson,295,1990-02-12
Juan Pino,296,1990-02-12
Libor Pimek,297,1990-02-12
Givaldo Barbosa,298,1990-02-12
Jorgen Windahl,299,1990-02-12
Dacio Campos,300,1990-02-12
Novak Djokovic,1,2023-10-16
Carlos Alcaraz,2,2023-10-16
Daniil Medvedev,3,2023-10-16
Jannik Sinner,4,2023-10-16
Andrey Rublev,5,2023-10-16
Holger Rune,6,2023-10-16
Stefanos Tsitsipas,7,2023-10-16
Casper Ruud,8,2023-10-16
Alexander Zverev,9,2023-10-16
Taylor Fritz,10,2023-10-16
Hubert Hurkacz,11,2023-10-16
Tommy Paul,12,2023-10-16
Alex de Minaur,13,2023-10-16
Frances Tiafoe,14,2023-10-16
Karen Khachanov,15,2023-10-16
Grigor Dimitrov,16,2023-10-16
Felix Auger-Aliassime,17,2023-10-16
Cameron Norrie,18,2023-10-16
Ben Shelton,19,2023-10-16
Lorenzo Musetti,20,2023-10-16
Nicolas Jarry,21,2023-10-16
Francisco Cerundolo,22,2023-10-16
Sebastian Korda,23,2023-10-16
Adrian Mannarino,24,2023-10-16
Tallon Griekspoor,25,2023-10-16
Alejandro Davidovich Fokina,26,2023-10-16
Jan-Lennard Struff,27,2023-10-16
Sebastian Baez,28,2023-10-16
Ugo Humbert,29,2023-10-16
Jiri Lehecka,30,2023-10-16
Tomas Martin Etcheverry,31,2023-10-16
Christopher Eubanks,32,2023-10-16
Borna Coric,33,2023-10-16
Daniel Evans,34,2023-10-16
Laslo Djere,35,2023-10-16
Alexander Bublik,36,2023-10-16
Mackenzie McDonald,37,2023-10-16
Arthur Fils,38,2023-10-16
Andy Murray,39,2023-10-16
Max Purcell,40,2023-10-16
Alexei Popyrin,41,2023-10-16
Roman Safiullin,42,2023-10-16
Matteo Arnaldi,43,2023-10-16
Yoshihito Nishioka,44,2023-10-16
Denis Shapovalov,45,2023-10-16
Stan Wawrinka,46,2023-10-16
Sebastian Ofner,47,2023-10-16
Daniel Altmaier,48,2023-10-16
Roberto Bautista Agut,49,2023-10-16
Aslan Karatsev,50,2023-10-16
Dusan Lajovic,51,2023-10-16
Marton Fucsovics,52,2023-10-16
Miomir Kecmanovic,53,2023-10-16
Aleksandar Vukic,54,2023-10-16
Lorenzo Sonego,55,2023-10-16
Yannick Hanfmann,56,2023-10-16
Zhizhen Zhang,57,2023-10-16
J.J. Wolf,58,2023-10-16
Christopher O'Connell,59,2023-10-16
Jordan Thompson,60,2023-10-16
Emil Ruusuvuori,61,2023-10-16
Richard Gasquet,62,2023-10-16
Matteo Berrettini,63,2023-10-16
Roberto Carballes Baena,64,2023-10-16
Fabian Marozsan,65,2023-10-16
Luca Van Assche,66,2023-10-16
Botic van de Zandschulp,67,2023-10-16
Thanasi Kokkinakis,68,2023-10-16
Juan Pablo Varillas,69,2023-10-16
Rinky Hijikata,70,2023-10-16
Pedro Cachin,71,2023-10-16
Gregoire Barrere,72,2023-10-16
Yosuke Watanuki,73,2023-10-16
Nuno Borges,74,2023-10-16
Federico Coria,75,2023-10-16
Borna Gojo,76,2023-10-16
Thiago Seyboth Wild,77,2023-10-16
Dominik Koepfer,78,2023-10-16
Marcos Giron,79,2023-10-16
Bernabe Zapata Miralles,80,2023-10-16
Tomas Machac,81,2023-10-16
Arthur Rinderknech,82,2023-10-16
Jaume Munar,83,2023-10-16
Alexander Shevchenko,84,2023-10-16
Alexandre Muller,85,2023-10-16
Dominic Thiem,86,2023-10-16
Quentin Halys,87,2023-10-16
Jack Draper,88,2023-10-16
Benjamin Bonzi,89,2023-10-16
Dominic Stricker,90,2023-10-16
Albert Ramos-Vinolas,91,2023-10-16
Daniel Elahi Galan,92,2023-10-16
Constant Lestienne,93,2023-10-16
Cristian Garin,94,2023-10-16
Jason Kubler,95,2023-10-16
Hugo Gaston,96,2023-10-16
Taro Daniel,97,2023-10-16
Facundo Diaz Acosta,98,2023-10-16
Juan Manuel Cerundolo,99,2023-10-16
Liam Broady,100,2023-10-16
Michael Mmoh,101,2023-10-16
Hamad Medjedovic,102,2023-10-16
Jurij Rodionov,103,2023-10-16
Mikael Ymer,104,2023-10-16
David Goffin,105,2023-10-16
Flavio Cobolli,106,2023-10-16
Tomas Barrios Vera,107,2023-10-16
Maxime Cressy,108,2023-10-16
Pavel Kotov,109,2023-10-16
Alex Michelsen,110,2023-10-16
Thiago Agustin Tirante,111,2023-10-16
Aleksandar Kovacevic,112,2023-10-16
Diego Schwartzman,113,2023-10-16
Yibing Wu,114,2023-10-16
Alex Molcan,115,2023-10-16
Radu Albot,116,2023-10-16
Francisco Comesana,117,2023-10-16
Zsombor Piros,118,2023-10-16
Alejandro Tabilo,119,2023-10-16
Benoit Paire,120,2023-10-16
Otto Virtanen,121,2023-10-16
Vit Kopriva,122,2023-10-16
Arthur Cazaux,123,2023-10-16
Corentin Moutet,124,2023-10-16
Giulio Zeppieri,125,2023-10-16
Thiago Monteiro,126,2023-10-16
Maximilian Marterer,127,2023-10-16
Fabio Fognini,128,2023-10-16
Hugo Dellien,129,2023-10-16
Gabriel Diallo,130,2023-10-16
Pablo Llamas Ruiz,131,2023-10-16
Terence Atmane,132,2023-10-16
Luca Nardi,133,2023-10-16
Brandon Nakashima,134,2023-10-16
Antoine Escoffier,135,2023-10-16
Pedro Martinez,136,2023-10-16
Genaro Alberto Olivieri,137,2023-10-16
Jesper de Jong,138,2023-10-16
Zachary Svajda,139,2023-10-16
Gael Monfils,140,2023-10-16
Lloyd Harris,141,2023-10-16
Felipe Meligeni Alves,142,2023-10-16
Sho Shimabukuro,143,2023-10-16
James Duckworth,144,2023-10-16
Emilio Nava,145,2023-10-16
Mariano Navone,146,2023-10-16
Andrea Vavassori,147,2023-10-16
Camilo Ugo Carabelli,148,2023-10-16
Damir Dzumhur,149,2023-10-16
Jan Choinski,150,2023-10-16
Marc Polmans,151,2023-10-16
Mattia Bellucci,152,2023-10-16
Nicolas Moreno De Alboran,153,2023-10-16
John Isner,154,2023-10-16
Jakub Mensik,155,2023-10-16
Joris De Loore,156,2023-10-16
Luciano Darderi,157,2023-10-16
Yu Hsiou Hsu,158,2023-10-16
Leandro Riedi,159,2023-10-16
Sumit Nagal,160,2023-10-16
Benjamin Hassan,161,2023-10-16
Juncheng  Shang,162,2023-10-16
Facundo Bagnis,163,2023-10-16
Vitaliy Sachko,164,2023-10-16
Dino Prizmic,165,2023-10-16
Gijs Brouwer,166,2023-10-16
Dalibor Svrcina,167,2023-10-16
Elias Ymer,168,2023-10-16
Andrea Pellegrino,169,2023-10-16
Ivan Gakhov,170,2023-10-16
Marc-Andrea Huesler,171,2023-10-16
Marco Cecchinato,172,2023-10-16
Titouan Droguet,173,2023-10-16
Franco Agamenone,174,2023-10-16
Zdenek Kolar,175,2023-10-16
Dennis Novak,176,2023-10-16
Adam Walton,177,2023-10-16
Lukas Klein,178,2023-10-16
Yunchaokete Bu,179,2023-10-16
Duje Ajdukovic,180,2023-10-16
Filip Misolic,181,2023-10-16
Harold Mayot,182,2023-10-16
Denis Kudla,183,2023-10-16
Hugo Grenier,184,2023-10-16
Zizou Bergs,185,2023-10-16
Alexis Galarneau,186,2023-10-16
Alexander Ritschard,187,2023-10-16
Matteo Gigante,188,2023-10-16
Ryan Peniston,189,2023-10-16
Ilya Ivashka,190,2023-10-16
Kimmer Coppejans,191,2023-10-16
Tung-Lin Wu,192,2023-10-16
Soonwoo Kwon,193,2023-10-16
Timofey Skatov,194,2023-10-16
Enzo Couacaud,195,2023-10-16
Dimitar Kuzmanov,196,2023-10-16
Seongchan Hong,197,2023-10-16
Guido Pella,198,2023-10-16
Raul Brancaccio,199,2023-10-16
Daniel Rincon,200,2023-10-16
Oriol Roca Batalla,201,2023-10-16
Tennys Sandgren,202,2023-10-16
Francesco Passaro,203,2023-10-16
Steve Johnson,204,2023-10-16
Guido Andreozzi,205,2023-10-16
Stefano Travaglia,206,2023-10-16
Riccardo Bonadio,207,2023-10-16
Calvin Hemery,208,2023-10-16
Ugo Blanchet,209,2023-10-16
Alessandro Giannessi,210,2023-10-16
Mikhail Kukushkin,211,2023-10-16
Abdullah Shelbayh,212,2023-10-16
Andrea Collarini,213,2023-10-16
Gauthier Onclin,214,2023-10-16
Shintaro Mochizuki,215,2023-10-16
Pablo Carreno Busta,216,2023-10-16
Federico Gaio,217,2023-10-16
Francesco Maestrelli,218,2023-10-16
Rudolf Molleker,219,2023-10-16
Dragos Nicolae Madaras,220,2023-10-16
Jason Jung,221,2023-10-16
Cem Ilkel,222,2023-10-16
Laurent Lokoli,223,2023-10-16
Nerman Fatic,224,2023-10-16
Oliver Crawford,225,2023-10-16
Giovanni Mpetshi Perricard,226,2023-10-16
Oscar Otte,227,2023-10-16
Evgeny Donskoy,228,2023-10-16
Mark Lajal,229,2023-10-16
Frederico Ferreira Silva,230,2023-10-16
Ricardas Berankis,231,2023-10-16
Jozef Kovalik,232,2023-10-16
Alejandro Moro Canas,233,2023-10-16
Lukas Neumayer,234,2023-10-16
Mate Valkusz,235,2023-10-16
Roman Andres Burruchaga,236,2023-10-16
Geoffrey Blancaneaux,237,2023-10-16
Marco Trungelliti,238,2023-10-16
Stefano Napolitano,239,2023-10-16
Denis Yevseyev,240,2023-10-16
Nicholas David Ionel,241,2023-10-16
Goncalo Oliveira,242,2023-10-16
Rafael Nadal,243,2023-10-16
Oleksii Krutykh,244,2023-10-16
Aziz Dougaz,245,2023-10-16
Dane Sweeny,246,2023-10-16
Tristan Schoolkate,247,2023-10-16
Illya Marchenko,248,2023-10-16
Beibit Zhukayev,249,2023-10-16
Clement Tabur,250,2023-10-16
Edoardo Lavagno,251,2023-10-16
Santiago Rodriguez Taverna,252,2023-10-16
Adrian Andreev,253,2023-10-16
Gustavo Heide,254,2023-10-16
Jules Marie,255,2023-10-16
Daniel Michalski,256,2023-10-16
Lucas Poullain,257,2023-10-16
Patrick Kypson,258,2023-10-16
Martin Damm,259,2023-10-16
Maximilian Neuchrist,260,2023-10-16
Yuta Shimizu,261,2023-10-16
Billy Harris,262,2023-10-16
Emilio Gomez,263,2023-10-16
Dan Added,264,2023-10-16
James McCabe,265,2023-10-16
Michael Geerts,266,2023-10-16
Murkel Dellien,267,2023-10-16
Steven Diez,268,2023-10-16
Juan Pablo Ficovich,269,2023-10-16
Henri Squire,270,2023-10-16
Kaichi Uchida,271,2023-10-16
Mathias Bourgue,272,2023-10-16
Brandon Holt,273,2023-10-16
Joao Sousa,274,2023-10-16
Alibek Kachmazov,275,2023-10-16
Joao Lucas Reis Da Silva,276,2023-10-16
Philip Sekulic,277,2023-10-16
Matteo Martineau,278,2023-10-16
Moez Echargui,279,2023-10-16
Arthur Fery,280,2023-10-16
Timo Stodder,281,2023-10-16
Manuel Guinard,282,2023-10-16
Nikolas Sanchez Izquierdo,283,2023-10-16
Dominik Palan,284,2023-10-16
Li Tu,285,2023-10-16
Renzo Olivo,286,2023-10-16
Vasek Pospisil,287,2023-10-16
Tristan Boyer,288,2023-10-16
Mitchell Krueger,289,2023-10-16
Lorenzo Giustino,290,2023-10-16
Federico Delbonis,291,2023-10-16
Alexander Weis,292,2023-10-16
Nino Serdarusic,293,2023-10-16
Bernard Tomic,294,2023-10-16
Altug Celikbilek,295,2023-10-16
Norbert Gombos,296,2023-10-16
Jiri Vesely,297,2023-10-16
Luke Saville,298,2023-10-16
Antoine Bellier,299,2023-10-16
Jenson Brooksby,300,2023-10-16
